Symbol,Series,Date,Prev Close,Open Price,High Price,Low Price,Last Price,Close Price,Average Price,Total Traded Quantity,Turnover,No. of Trades,Deliverable Qty,% Dly Qt to Traded Qty,High-PreClose,PreClose-Low,High-Open,Open-Low,High-Low,PreClose-Open
TATAMOTORS,EQ,18-Apr-16,408.75,407.65,409.9,402.5,407,407.35,406.23,5571076,2263116757,77253,2566673,46.07,1.15,6.25,2.25,5.15,7.4,1.1
TATAMOTORS,EQ,20-Apr-16,407.35,407,410.35,400.65,403.85,404.1,405.83,7589901,3080243737,100611,3629564,47.82,3,6.7,3.35,6.35,9.7,0.35
TATAMOTORS,EQ,21-Apr-16,404.1,408.7,417.2,406,410.5,411.5,411.43,9211869,3790068646,111112,4678184,50.78,13.1,-1.9,8.5,2.7,11.2,-4.6
TATAMOTORS,EQ,22-Apr-16,411.5,412.1,420.5,408,417.1,417,416.08,5995998,2494804238,75965,2148363,35.83,9,3.5,8.4,4.1,12.5,-0.6
TATAMOTORS,EQ,25-Apr-16,417,417.6,417.6,410,412,412.2,412.76,3272996,1350953356,63481,1203343,36.77,0.6,7,0,7.6,7.6,-0.6
TATAMOTORS,EQ,26-Apr-16,412.2,408.65,423.65,405.05,418.35,419.05,416.78,6998505,2916830581,106925,2904984,41.51,11.45,7.15,15,3.6,18.6,3.55
TATAMOTORS,EQ,27-Apr-16,419.05,418.95,425.25,414.65,419.1,418.55,420.75,6227941,2620408236,95959,2918121,46.86,6.2,4.4,6.3,4.3,10.6,0.1
TATAMOTORS,EQ,28-Apr-16,418.55,418.8,420.95,409.7,410.45,411.35,413.77,7546101,3122376408,150016,4180794,55.4,2.4,8.85,2.15,9.1,11.25,-0.25
TATAMOTORS,EQ,29-Apr-16,411.35,410,413.7,403.05,408.1,408.35,407.72,6251095,2548713444,104590,2709408,43.34,2.35,8.3,3.7,6.95,10.65,1.35
TATAMOTORS,EQ,2-May-16,408.35,407.95,410.45,402.5,408.2,407.7,406.96,4178821,1700632782,57962,1414442,33.85,2.1,5.85,2.5,5.45,7.95,0.4
TATAMOTORS,EQ,3-May-16,407.7,410.9,422,407.8,408.85,409.65,415.54,9620804,3997866700,104175,2961494,30.78,14.3,-0.1,11.1,3.1,14.2,-3.2
TATAMOTORS,EQ,4-May-16,409.65,405.5,405.5,380.1,383.15,381.8,389.08,12069134,4695882347,136649,5276917,43.72,-4.15,29.55,0,25.4,25.4,4.15
TATAMOTORS,EQ,5-May-16,381.8,384,396.05,383.15,389.7,391.15,391.17,9601341,3755759881,97494,4320362,45,14.25,-1.35,12.05,0.85,12.9,-2.2
TATAMOTORS,EQ,6-May-16,391.15,388.6,400.9,384.5,397.6,398.7,392.37,9953672,3905565970,113433,5292817,53.17,9.75,6.65,12.3,4.1,16.4,2.55
TATAMOTORS,EQ,9-May-16,398.7,400.35,405.2,395.15,402.65,403.35,400.62,8700283,3485501075,103866,3768260,43.31,6.5,3.55,4.85,5.2,10.05,-1.65
TATAMOTORS,EQ,10-May-16,403.35,400.8,400.8,387.15,389.95,388.95,390.89,9166453,3583065896,122990,4215780,45.99,-2.55,16.2,0,13.65,13.65,2.55
TATAMOTORS,EQ,11-May-16,388.95,384.8,391.95,376.1,380.4,379.85,383.75,11595875,4449969069,131335,4527541,39.04,3,12.85,7.15,8.7,15.85,4.15
TATAMOTORS,EQ,12-May-16,379.85,379,388.6,379,387,387.05,385.58,6506343,2508710558,72505,2711453,41.67,8.75,0.85,9.6,0,9.6,0.85
TATAMOTORS,EQ,13-May-16,387.05,391.25,394,385.5,389.5,389.95,390.35,14027896,5475843916,146771,7783927,55.49,6.95,1.55,2.75,5.75,8.5,-4.2
TATAMOTORS,EQ,16-May-16,389.95,393.8,396.7,389,390.75,392.7,393.22,8248193,3243327646,87893,4095663,49.66,6.75,0.95,2.9,4.8,7.7,-3.85
TATAMOTORS,EQ,17-May-16,392.7,392.6,395,386.6,389.5,389.7,391.45,9425555,3689604099,90601,4250112,45.09,2.3,6.1,2.4,6,8.4,0.1
TATAMOTORS,EQ,18-May-16,389.7,383.5,387.35,381.6,384.75,384.85,384.67,8589315,3304074477,93580,4525540,52.69,-2.35,8.1,3.85,1.9,5.75,6.2
TATAMOTORS,EQ,19-May-16,384.85,386.25,393.3,381.95,384.65,386.9,389.66,10988676,4281792709,87631,5758286,52.4,8.45,2.9,7.05,4.3,11.35,-1.4
TATAMOTORS,EQ,20-May-16,386.9,386.7,392.7,383.5,384,384.45,388.82,6537509,2541941969,72726,3313819,50.69,5.8,3.4,6,3.2,9.2,0.2
TATAMOTORS,EQ,23-May-16,384.45,388.55,389.95,380.1,383.3,381.75,386.2,8153090,3148755711,89566,4069433,49.91,5.5,4.35,1.4,8.45,9.85,-4.1
TATAMOTORS,EQ,24-May-16,381.75,383.8,391.75,382.65,389,389.1,389.07,10568106,4111694019,91891,6545991,61.94,10,-0.9,7.95,1.15,9.1,-2.05
TATAMOTORS,EQ,25-May-16,389.1,394,399.95,394,396.55,397,397.32,8897382,3535066099,95924,5066654,56.95,10.85,-4.9,5.95,0,5.95,-4.9
TATAMOTORS,EQ,26-May-16,397,400.5,402,396.75,400,399.25,399.26,8469732,3381592729,89195,5138069,60.66,5,0.25,1.5,3.75,5.25,-3.5
TATAMOTORS,EQ,27-May-16,399.25,400,405,396,403.1,403.9,401.07,9035525,3623856122,82737,3818131,42.26,5.75,3.25,5,4,9,-0.75
TATAMOTORS,EQ,30-May-16,403.9,404.8,423.6,401.3,423,421.25,415.18,15767133,6546205691,186242,6783607,43.02,19.7,2.6,18.8,3.5,22.3,-0.9
TATAMOTORS,EQ,31-May-16,421.25,456,464.9,445,455.6,459.65,457.17,110744326,50629434633,438702,73338482,66.22,43.65,-23.75,8.9,11,19.9,-34.75
TATAMOTORS,EQ,1-Jun-16,459.65,455.75,458.3,445,446.8,449.2,452.7,10389215,4703223678,140757,4679600,45.04,-1.35,14.65,2.55,10.75,13.3,3.9
TATAMOTORS,EQ,2-Jun-16,449.2,444.1,460.5,444.1,453,453.45,454.99,13674434,6221681917,147002,5704701,41.72,11.3,5.1,16.4,0,16.4,5.1
TATAMOTORS,EQ,3-Jun-16,453.45,458.05,461.8,452.5,452.55,453.95,457.01,11672544,5334479479,110388,5895577,50.51,8.35,0.95,3.75,5.55,9.3,-4.6
TATAMOTORS,EQ,6-Jun-16,453.95,457.8,465,450.2,462.55,460.5,456.15,9356808,4268077962,117496,3251389,34.75,11.05,3.75,7.2,7.6,14.8,-3.85
TATAMOTORS,EQ,7-Jun-16,460.5,466.45,466.45,459,463.2,463.05,462.35,12568902,5811261722,119943,6078541,48.36,5.95,1.5,0,7.45,7.45,-5.95
TATAMOTORS,EQ,8-Jun-16,463.05,465.5,468.8,463.2,465,466.15,465.59,10467158,4873377957,82424,4727977,45.17,5.75,-0.15,3.3,2.3,5.6,-2.45
TATAMOTORS,EQ,9-Jun-16,466.15,469.45,470.25,465,467,467.15,467.17,8525017,3982604636,73094,2848037,33.41,4.1,1.15,0.8,4.45,5.25,-3.3
TATAMOTORS,EQ,10-Jun-16,467.15,466.75,466.75,454.5,457.4,456.95,460.95,7039858,3245054592,90106,2502464,35.55,-0.4,12.65,0,12.25,12.25,0.4
TATAMOTORS,EQ,13-Jun-16,456.95,451,451.4,436.7,444.55,444.25,442.07,9507282,4202843408,92197,4103230,43.16,-5.55,20.25,0.4,14.3,14.7,5.95
TATAMOTORS,EQ,14-Jun-16,444.25,446.9,453.85,441.15,448.7,448.4,448.85,9615226,4315751975,134160,3772548,39.24,9.6,3.1,6.95,5.75,12.7,-2.65
TATAMOTORS,EQ,15-Jun-16,448.4,449.9,453,447.25,451.55,452.1,450.48,5704865,2569932489,71444,2666380,46.74,4.6,1.15,3.1,2.65,5.75,-1.5
TATAMOTORS,EQ,16-Jun-16,452.1,449.7,455.5,446.05,453.9,454.35,450.51,7255454,3268647426,107017,3349838,46.17,3.4,6.05,5.8,3.65,9.45,2.4
TATAMOTORS,EQ,17-Jun-16,454.35,461,465.75,457.3,463.65,464.4,462.54,7836702,3624826109,128797,3988140,50.89,11.4,-2.95,4.75,3.7,8.45,-6.65
TATAMOTORS,EQ,20-Jun-16,464.4,464.75,484.2,460.25,482.6,482.05,473.11,9261350,4381666005,104212,3858579,41.66,19.8,4.15,19.45,4.5,23.95,-0.35
TATAMOTORS,EQ,21-Jun-16,482.05,484,486.2,477.6,484.3,484.9,482.43,8907801,4297416242,95613,4803735,53.93,4.15,4.45,2.2,6.4,8.6,-1.95
TATAMOTORS,EQ,22-Jun-16,484.9,483.05,484.8,468.05,472,472.7,473.7,7660165,3628622070,96495,3007835,39.27,-0.1,16.85,1.75,15,16.75,1.85
TATAMOTORS,EQ,23-Jun-16,472.7,476.1,489.9,476.1,487.75,487.95,483.17,9628216,4652020903,131019,4226545,43.9,17.2,-3.4,13.8,0,13.8,-3.4
TATAMOTORS,EQ,24-Jun-16,487.95,439.2,453.75,421.25,447.7,449.4,439.3,40998600,18010652363,330936,13288590,32.41,-34.2,66.7,14.55,17.95,32.5,48.75
TATAMOTORS,EQ,27-Jun-16,449.4,451.8,457.25,443.6,447.95,448.95,448.82,12450283,5587920652,128652,3745912,30.09,7.85,5.8,5.45,8.2,13.65,-2.4
TATAMOTORS,EQ,28-Jun-16,448.95,448,448,433,441,440.4,441.08,10190394,4494815904,128902,4748857,46.6,-0.95,15.95,0,15,15,0.95
TATAMOTORS,EQ,29-Jun-16,440.4,447.1,449.8,445.4,447,447.25,447.44,6285461,2812390309,79651,2624130,41.75,9.4,-5,2.7,1.7,4.4,-6.7
TATAMOTORS,EQ,30-Jun-16,447.25,454.3,462.25,451.55,458.5,459.25,458.74,13214064,6061762348,128591,7406521,56.05,15,-4.3,7.95,2.75,10.7,-7.05
TATAMOTORS,EQ,1-Jul-16,459.25,463.6,464.75,454.7,459.1,457.9,458.85,7027759,3224695206,87253,3438941,48.93,5.5,4.55,1.15,8.9,10.05,-4.35
TATAMOTORS,EQ,4-Jul-16,457.9,467,474.85,467,468.8,469.5,471.58,8413087,3967466086,178631,3941626,46.85,16.95,-9.1,7.85,0,7.85,-9.1
TATAMOTORS,EQ,5-Jul-16,469.5,468.5,469,459.5,460.5,460.9,462.42,4934087,2281644516,60419,2419955,49.05,-0.5,10,0.5,9,9.5,1
TATAMOTORS,EQ,7-Jul-16,460.9,460.95,465.45,454.1,455.5,455.15,458.84,6580663,3019495422,88253,2959956,44.98,4.55,6.8,4.5,6.85,11.35,-0.05
TATAMOTORS,EQ,8-Jul-16,455.15,464.3,468.2,462.65,466.3,466.3,465.37,9263727,4311085440,105310,5229311,56.45,13.05,-7.5,3.9,1.65,5.55,-9.15
TATAMOTORS,EQ,11-Jul-16,466.3,472.1,486.8,472.1,483.85,484.6,482.86,10477166,5059024781,123496,5770021,55.07,20.5,-5.8,14.7,0,14.7,-5.8
TATAMOTORS,EQ,12-Jul-16,484.6,486,488.65,481.1,485,484.3,483.74,6767972,3273968928,105966,3797358,56.11,4.05,3.5,2.65,4.9,7.55,-1.4
TATAMOTORS,EQ,13-Jul-16,484.3,485.95,488.1,477.95,480.65,481.1,481.61,5855718,2820182186,73612,3164012,54.03,3.8,6.35,2.15,8,10.15,-1.65
TATAMOTORS,EQ,14-Jul-16,481.1,480.1,489.3,478.95,485.5,486.1,486.35,5983007,2909811700,90559,3185848,53.25,8.2,2.15,9.2,1.15,10.35,1
TATAMOTORS,EQ,15-Jul-16,486.1,480,501.7,479.65,494.05,494,494.65,8889558,4397175836,102652,4000847,45.01,15.6,6.45,21.7,0.35,22.05,6.1
TATAMOTORS,EQ,18-Jul-16,494,495,505,490,490.75,492.65,500.08,7463954,3732579057,84910,3373789,45.2,11,4,10,5,15,-1
TATAMOTORS,EQ,19-Jul-16,492.65,493.9,503.5,493.45,498,499.25,498.46,7665519,3820991771,90528,3079013,40.17,10.85,-0.8,9.6,0.45,10.05,-1.25
TATAMOTORS,EQ,20-Jul-16,499.25,496.3,502.45,492.45,493.5,493.9,495.33,5697901,2822351472,61459,3160786,55.47,3.2,6.8,6.15,3.85,10,2.95
TATAMOTORS,EQ,21-Jul-16,493.9,498.45,500,489.7,490.65,491.05,495.2,3658371,1811617521,61330,1200602,32.82,6.1,4.2,1.55,8.75,10.3,-4.55
TATAMOTORS,EQ,22-Jul-16,491.05,494.45,508.45,493.5,506.65,507.2,499.96,5588143,2793827598,87836,2352779,42.1,17.4,-2.45,14,0.95,14.95,-3.4
TATAMOTORS,EQ,25-Jul-16,507.2,505.5,510.95,503.35,508.55,509,507.46,4638151,2353682354,82370,2101856,45.32,3.75,3.85,5.45,2.15,7.6,1.7
TATAMOTORS,EQ,26-Jul-16,509,506.05,513.35,502.1,502.95,503.25,507.31,6187499,3139010715,109884,3390199,54.79,4.35,6.9,7.3,3.95,11.25,2.95
TATAMOTORS,EQ,27-Jul-16,503.25,507.75,513.05,505.5,509.35,510.1,509.94,5193425,2648343230,79157,2561638,49.32,9.8,-2.25,5.3,2.25,7.55,-4.5
TATAMOTORS,EQ,28-Jul-16,510.1,510,511.9,498.75,508.75,506.85,506.28,6338260,3208920563,56741,3723996,58.75,1.8,11.35,1.9,11.25,13.15,0.1
TATAMOTORS,EQ,29-Jul-16,506.85,507.8,510.5,501.1,503.35,503.2,505.11,3746332,1892324650,53241,1675507,44.72,3.65,5.75,2.7,6.7,9.4,-0.95
TATAMOTORS,EQ,1-Aug-16,503.2,506.8,514.9,505.5,507.85,508.25,509.72,4748497,2420412512,46864,2043546,43.04,11.7,-2.3,8.1,1.3,9.4,-3.6
TATAMOTORS,EQ,2-Aug-16,508.25,510,511.2,491.15,494.75,493.3,502.94,5251838,2641351409,52988,2662266,50.69,2.95,17.1,1.2,18.85,20.05,-1.75
TATAMOTORS,EQ,3-Aug-16,493.3,494.5,499.5,475.5,479.3,478.4,485.95,7925049,3851193356,107700,3896101,49.16,6.2,17.8,5,19,24,-1.2
TATAMOTORS,EQ,4-Aug-16,478.4,490.1,501.45,488.6,500.55,500,497.06,9476008,4710165705,106240,3949792,41.68,23.05,-10.2,11.35,1.5,12.85,-11.7
TATAMOTORS,EQ,5-Aug-16,500,507.2,518.7,502.15,517,516.4,510.16,6393514,3261737495,79925,2368740,37.05,18.7,-2.15,11.5,5.05,16.55,-7.2
TATAMOTORS,EQ,8-Aug-16,516.4,518.2,522.6,513.4,514.55,514.8,516.87,4649302,2403069793,155581,2424444,52.15,6.2,3,4.4,4.8,9.2,-1.8
TATAMOTORS,EQ,9-Aug-16,514.8,521,522,509.2,513.4,513.8,514.59,6015760,3095645711,233468,3368037,55.99,7.2,5.6,1,11.8,12.8,-6.2
TATAMOTORS,EQ,10-Aug-16,513.8,515.6,516.5,502.3,503.65,503.45,506.07,6371139,3224235667,119009,3766191,59.11,2.7,11.5,0.9,13.3,14.2,-1.8
TATAMOTORS,EQ,11-Aug-16,503.45,503.75,505,495.1,502.4,503.25,500.35,4112806,2057845094,69675,1569700,38.17,1.55,8.35,1.25,8.65,9.9,-0.3
TATAMOTORS,EQ,12-Aug-16,503.25,506.9,519.5,506.15,516,516.8,515.94,7167435,3697950023,93917,3652054,50.95,16.25,-2.9,12.6,0.75,13.35,-3.65
TATAMOTORS,EQ,16-Aug-16,516.8,512.95,515,503.3,506.5,507.6,507.5,6034295,3062390295,92379,3517621,58.29,-1.8,13.5,2.05,9.65,11.7,3.85
TATAMOTORS,EQ,17-Aug-16,507.6,511.1,514.25,505.85,509.4,510.4,510.49,5853980,2988378055,92335,2928328,50.02,6.65,1.75,3.15,5.25,8.4,-3.5
TATAMOTORS,EQ,18-Aug-16,510.4,512.4,517.9,510.75,510.75,512.05,513.91,4990558,2564688049,41295,3117634,62.47,7.5,-0.35,5.5,1.65,7.15,-2
TATAMOTORS,EQ,19-Aug-16,512.05,514,515,508.2,509.8,510,511.24,4567273,2334957086,79375,2639034,57.78,2.95,3.85,1,5.8,6.8,-1.95
TATAMOTORS,EQ,22-Aug-16,510,509.1,513.6,503.1,504,503.95,506.14,4330313,2191744109,67141,2463255,56.88,3.6,6.9,4.5,6,10.5,0.9
TATAMOTORS,EQ,23-Aug-16,503.95,505.25,508.6,500.45,504.5,504,504.34,5342115,2694228177,109435,3043046,56.96,4.65,3.5,3.35,4.8,8.15,-1.3
TATAMOTORS,EQ,24-Aug-16,504,504.7,506.05,493.6,498,498.35,499.34,5189459,2591298036,62646,2574346,49.61,2.05,10.4,1.35,11.1,12.45,-0.7
TATAMOTORS,EQ,25-Aug-16,498.35,498.35,503.3,491.3,492.8,493.85,496.03,8787262,4358746300,103088,5361534,61.01,4.95,7.05,4.95,7.05,12,0
TATAMOTORS,EQ,26-Aug-16,493.85,502,515.35,486,514.25,503.75,503.24,16347856,8226957784,178575,4858699,29.72,21.5,7.85,13.35,16,29.35,-8.15
TATAMOTORS,EQ,29-Aug-16,503.75,522.5,528.75,515.4,525.15,525.3,523.82,12534399,6565828469,152952,4070068,32.47,25,-11.65,6.25,7.1,13.35,-18.75
TATAMOTORS,EQ,30-Aug-16,525.3,528.5,530.8,524.1,529.8,529,527.25,6611147,3485753923,89229,3169383,47.94,5.5,1.2,2.3,4.4,6.7,-3.2
TATAMOTORS,EQ,31-Aug-16,529,529,548.8,529,538,537.7,540.91,15725942,8506360153,190940,6829320,43.43,19.8,0,19.8,0,19.8,0
TATAMOTORS,EQ,1-Sep-16,537.7,540.5,546.65,540,544.75,543.65,543.67,7571854,4116609155,104353,4460016,58.9,8.95,-2.3,6.15,0.5,6.65,-2.8
TATAMOTORS,EQ,2-Sep-16,543.65,552,555.9,549.1,549.5,549.85,551.77,10097146,5571277135,119780,5475098,54.22,12.25,-5.45,3.9,2.9,6.8,-8.35
TATAMOTORS,EQ,6-Sep-16,549.85,556.35,593.3,556.35,587.75,588.7,575.29,15813178,9097241710,183624,7273935,46,43.45,-6.5,36.95,0,36.95,-6.5
TATAMOTORS,EQ,7-Sep-16,588.7,590,598.4,584,589.25,587.4,590.25,13408927,7914654539,194950,6068492,45.26,9.7,4.7,8.4,6,14.4,-1.3
TATAMOTORS,EQ,8-Sep-16,587.4,590.75,591.7,577.75,585,584.2,582.41,10456258,6089837731,124853,6400613,61.21,4.3,9.65,0.95,13,13.95,-3.35
TATAMOTORS,EQ,9-Sep-16,584.2,580,582.95,571.7,573,573.25,574.57,7159068,4113354913,111109,4152885,58.01,-1.25,12.5,2.95,8.3,11.25,4.2
TATAMOTORS,EQ,12-Sep-16,573.25,551,560,549.25,553.75,553.45,554.33,7055294,3910980799,177951,3695619,52.38,-13.25,24,9,1.75,10.75,22.25
TATAMOTORS,EQ,14-Sep-16,553.45,556.25,565.35,544.1,564.2,560.5,550.47,12364724,6806379992,167639,6875618,55.61,11.9,9.35,9.1,12.15,21.25,-2.8
TATAMOTORS,EQ,15-Sep-16,560.5,562,566.25,555.4,558.5,557.55,559.53,5258859,2942507943,55639,2150709,40.9,5.75,5.1,4.25,6.6,10.85,-1.5
TATAMOTORS,EQ,16-Sep-16,557.55,562.4,568.2,546.35,550.6,548.7,552.68,10931845,6041824892,77478,6901424,63.13,10.65,11.2,5.8,16.05,21.85,-4.85
TATAMOTORS,EQ,19-Sep-16,548.7,553.8,556.4,549.45,553.75,554.45,552.69,6979269,3857341178,78552,4517569,64.73,7.7,-0.75,2.6,4.35,6.95,-5.1
TATAMOTORS,EQ,20-Sep-16,554.45,555,556.3,545.5,546.9,548.45,549.23,6874462,3775633923,78787,3790467,55.14,1.85,8.95,1.3,9.5,10.8,-0.55
TATAMOTORS,EQ,21-Sep-16,548.45,548.6,556.4,544,550.1,549.9,551.51,5919149,3264467417,100973,2553227,43.14,7.95,4.45,7.8,4.6,12.4,-0.15
TATAMOTORS,EQ,22-Sep-16,549.9,561.2,562.95,551.35,557.4,558.45,557.3,6012388,3350729309,94438,2709134,45.06,13.05,-1.45,1.75,9.85,11.6,-11.3
TATAMOTORS,EQ,23-Sep-16,558.45,558.5,558.5,551.2,554.5,553.05,553.96,4840360,2681370447,66250,2788048,57.6,0.05,7.25,0,7.3,7.3,-0.05
TATAMOTORS,EQ,26-Sep-16,553.05,549.95,549.95,533.75,535.8,535.3,539.32,6858574,3698975288,101239,3934179,57.36,-3.1,19.3,0,16.2,16.2,3.1
TATAMOTORS,EQ,27-Sep-16,535.3,537.7,542,530.25,533.7,531.95,536.02,4912743,2633315596,65711,1724866,35.11,6.7,5.05,4.3,7.45,11.75,-2.4
TATAMOTORS,EQ,28-Sep-16,531.95,533,545.4,531.5,540.4,540,539.86,6604953,3565734622,81823,2976271,45.06,13.45,0.45,12.4,1.5,13.9,-1.05
TATAMOTORS,EQ,29-Sep-16,540,543,546.9,516.65,525,526.3,530.66,9315794,4943554919,81179,4699475,50.45,6.9,23.35,3.9,26.35,30.25,-3
TATAMOTORS,EQ,30-Sep-16,526.3,525.6,536.55,521.2,534.6,534.85,529.78,5659248,2998147253,97841,2454297,43.37,10.25,5.1,10.95,4.4,15.35,0.7
TATAMOTORS,EQ,3-Oct-16,534.85,539.4,546,539,541.5,540.8,542.36,4505939,2443840120,78127,2230410,49.5,11.15,-4.15,6.6,0.4,7,-4.55
TATAMOTORS,EQ,4-Oct-16,540.8,547.4,552.4,540.65,552,549.95,546.15,5715454,3121516456,75845,2625078,45.93,11.6,0.15,5,6.75,11.75,-6.6
TATAMOTORS,EQ,5-Oct-16,549.95,555.3,562.4,549.75,557.3,559.65,556.65,5929204,3300470090,91060,2355414,39.73,12.45,0.2,7.1,5.55,12.65,-5.35
TATAMOTORS,EQ,6-Oct-16,559.65,563.1,564.2,549.1,551.75,551.45,556.37,4273945,2377891855,63284,1584518,37.07,4.55,10.55,1.1,14,15.1,-3.45
TATAMOTORS,EQ,7-Oct-16,551.45,554.5,567.3,552.6,565,565.7,560.48,9122002,5112709327,77266,4414310,48.39,15.85,-1.15,12.8,1.9,14.7,-3.05
TATAMOTORS,EQ,10-Oct-16,565.7,571.1,571.1,560.9,562.95,562.05,564.9,3673211,2074992066,56992,1605760,43.72,5.4,4.8,0,10.2,10.2,-5.4
TATAMOTORS,EQ,13-Oct-16,562.05,556.9,556.9,537,544,544.85,545.3,9510827,5186225240,130898,4938672,51.93,-5.15,25.05,0,19.9,19.9,5.15
TATAMOTORS,EQ,14-Oct-16,544.85,546,557.45,545,557,556.1,551.37,5872827,3238111051,72101,2660251,45.3,12.6,-0.15,11.45,1,12.45,-1.15
TATAMOTORS,EQ,17-Oct-16,556.1,557.85,557.85,545.9,547.5,547.55,550.83,3463154,1907600423,53873,1520476,43.9,1.75,10.2,0,11.95,11.95,-1.75
TATAMOTORS,EQ,18-Oct-16,547.55,549.2,556,549.2,553.5,554.25,553.27,3965424,2193963391,84356,1896764,47.83,8.45,-1.65,6.8,0,6.8,-1.65
TATAMOTORS,EQ,19-Oct-16,554.25,552.05,554.9,545.05,549.9,550.5,549.78,4275157,2350401334,62363,1654002,38.69,0.65,9.2,2.85,7,9.85,2.2
TATAMOTORS,EQ,20-Oct-16,550.5,553.05,554,546,547.15,546.85,549.11,2770011,1521039090,38591,1021750,36.89,3.5,4.5,0.95,7.05,8,-2.55
TATAMOTORS,EQ,21-Oct-16,546.85,549,550,541.5,544.85,544.5,544.39,2789747,1518718890,57819,1178856,42.26,3.15,5.35,1,7.5,8.5,-2.15
TATAMOTORS,EQ,24-Oct-16,544.5,544,564,543.55,558.3,559.8,556.12,5161299,2870315181,69414,1867448,36.18,19.5,0.95,20,0.45,20.45,0.5
TATAMOTORS,EQ,25-Oct-16,559.8,549.85,561,549.1,552.3,553.8,555.04,5690576,3158495016,84734,1995147,35.06,1.2,10.7,11.15,0.75,11.9,9.95
TATAMOTORS,EQ,26-Oct-16,553.8,548,548,523.15,527.25,530.05,536.04,6665017,3572721426,110729,3349349,50.25,-5.8,30.65,0,24.85,24.85,5.8
TATAMOTORS,EQ,27-Oct-16,530.05,515.6,525.75,510.75,525.5,522,518.75,18470182,9581369352,172802,9321684,50.47,-4.3,19.3,10.15,4.85,15,14.45
TATAMOTORS,EQ,28-Oct-16,522,527,539.95,525.1,536.8,537,535.13,5665910,3032000062,81141,1879139,33.17,17.95,-3.1,12.95,1.9,14.85,-5
TATAMOTORS,EQ,30-Oct-16,537,536.4,536.4,529.5,530.2,531.95,533.06,622999,332092797.8,8887,219253,35.19,-0.6,7.5,0,6.9,6.9,0.6
TATAMOTORS,EQ,1-Nov-16,531.95,534.4,537.9,525.05,529.45,530.6,529.93,6848662,3629295518,105069,2394918,34.97,5.95,6.9,3.5,9.35,12.85,-2.45
TATAMOTORS,EQ,2-Nov-16,530.6,522.6,526,512.35,513.8,513.3,517.68,4750117,2459042776,63419,1326492,27.93,-4.6,18.25,3.4,10.25,13.65,8
TATAMOTORS,EQ,3-Nov-16,513.3,509.8,521.45,505.2,509.25,510.2,513.7,6909458,3549387109,90608,1767397,25.58,8.15,8.1,11.65,4.6,16.25,3.5
TATAMOTORS,EQ,4-Nov-16,510.2,509.25,516.35,501.6,513.5,512.3,509.76,7564243,3855939734,103226,3218898,42.55,6.15,8.6,7.1,7.65,14.75,0.95
TATAMOTORS,EQ,7-Nov-16,512.3,513,521.3,505.05,505.8,506.35,512.33,5507954,2821880141,85057,2074166,37.66,9,7.25,8.3,7.95,16.25,-0.7
TATAMOTORS,EQ,8-Nov-16,506.35,518.4,543,517,538.5,540.2,533.72,12739083,6799089394,137127,3665281,28.77,36.65,-10.65,24.6,1.4,26,-12.05
TATAMOTORS,EQ,9-Nov-16,540.2,501.15,544,500,534.2,533.5,527.23,10276017,5417815514,86307,3066018,29.84,3.8,40.2,42.85,1.15,44,39.05
TATAMOTORS,EQ,10-Nov-16,533.5,536,549.35,531.5,532.9,533.7,540.38,6906437,3732118058,87503,2251899,32.61,15.85,2,13.35,4.5,17.85,-2.5
TATAMOTORS,EQ,11-Nov-16,533.7,526.5,530,505,510.9,507.3,515.15,7823667,4030352275,92133,3957029,50.58,-3.7,28.7,3.5,21.5,25,7.2
TATAMOTORS,EQ,15-Nov-16,507.3,484.9,484.9,453,460.2,457.4,467.85,15356070,7184360608,181331,6471889,42.15,-22.4,54.3,0,31.9,31.9,22.4
TATAMOTORS,EQ,16-Nov-16,457.4,468.45,471.7,450,459.7,458.45,462.65,10855618,5022377245,168974,4098972,37.76,14.3,7.4,3.25,18.45,21.7,-11.05
TATAMOTORS,EQ,17-Nov-16,458.45,460,476,459.65,475.4,472.85,470.43,8949767,4210245038,101157,4021938,44.94,17.55,-1.2,16,0.35,16.35,-1.55
TATAMOTORS,EQ,18-Nov-16,472.85,469.9,473.85,461.85,469.75,471.25,468.48,7246244,3394686672,127178,3393387,46.83,1,11,3.95,8.05,12,2.95
TATAMOTORS,EQ,21-Nov-16,471.25,468,472.8,451.5,458.5,456.95,459.43,7325876,3365696806,95250,3543636,48.37,1.55,19.75,4.8,16.5,21.3,3.25
TATAMOTORS,EQ,22-Nov-16,456.95,464.05,471,453.3,465.5,464.85,461.8,6644867,3068608132,92980,2439956,36.72,14.05,3.65,6.95,10.75,17.7,-7.1
TATAMOTORS,EQ,23-Nov-16,464.85,467,475.3,462,468.5,471.5,469.18,6727083,3156203012,101385,2962058,44.03,10.45,2.85,8.3,5,13.3,-2.15
TATAMOTORS,EQ,24-Nov-16,471.5,466.35,466.35,449.7,451.75,452.95,455.42,8046995,3664780773,84781,3324697,41.32,-5.15,21.8,0,16.65,16.65,5.15
TATAMOTORS,EQ,25-Nov-16,452.95,454.1,456.35,443.15,454.8,452.35,450.34,7426347,3344346660,116364,2399367,32.31,3.4,9.8,2.25,10.95,13.2,-1.15
TATAMOTORS,EQ,28-Nov-16,452.35,451.25,460,450.5,454.15,454.7,456.15,5025929,2292588566,98318,2332408,46.41,7.65,1.85,8.75,0.75,9.5,1.1
TATAMOTORS,EQ,29-Nov-16,454.7,455,466.3,451.35,457.85,459.85,461.03,8570549,3951244277,100878,4156321,48.5,11.6,3.35,11.3,3.65,14.95,-0.3
TATAMOTORS,EQ,30-Nov-16,459.85,460,463.8,455.1,458.4,459.3,459.72,8377510,3851270969,101062,4801637,57.32,3.95,4.75,3.8,4.9,8.7,-0.15
TATAMOTORS,EQ,1-Dec-16,459.3,457,457.7,446.9,448.5,448.2,451.27,7706825,3477843761,118796,4233680,54.93,-1.6,12.4,0.7,10.1,10.8,2.3
TATAMOTORS,EQ,2-Dec-16,448.2,445,453.5,431.15,432.1,432.9,438.92,10450654,4587039664,114878,4300013,41.15,5.3,17.05,8.5,13.85,22.35,3.2
TATAMOTORS,EQ,5-Dec-16,432.9,436,441,428.3,439.3,439.3,436.65,8211182,3585393703,82424,2697637,32.85,8.1,4.6,5,7.7,12.7,-3.1
TATAMOTORS,EQ,6-Dec-16,439.3,441,445.9,438.1,440.1,441.1,442.24,4209420,1861579613,49516,1185915,28.17,6.6,1.2,4.9,2.9,7.8,-1.7
TATAMOTORS,EQ,7-Dec-16,441.1,440,449.2,439.25,446.25,445.35,445.34,5559803,2475988450,81897,2759647,49.64,8.1,1.85,9.2,0.75,9.95,1.1
TATAMOTORS,EQ,8-Dec-16,445.35,451.2,464.4,451.2,461.25,461.55,460.64,8176055,3766187174,116071,3537775,43.27,19.05,-5.85,13.2,0,13.2,-5.85
TATAMOTORS,EQ,9-Dec-16,461.55,464.95,468.55,460.6,464.5,464.1,464.77,5690877,2644944466,116637,2703299,47.5,7,0.95,3.6,4.35,7.95,-3.4
TATAMOTORS,EQ,12-Dec-16,464.1,461.95,461.95,451.05,455.05,454.4,454.81,3837786,1745457798,55533,1570577,40.92,-2.15,13.05,0,10.9,10.9,2.15
TATAMOTORS,EQ,13-Dec-16,454.4,476.8,486.25,462.25,470.3,470.65,482.26,63880404,30806788429,143324,54164629,84.79,31.85,-7.85,9.45,14.55,24,-22.4
TATAMOTORS,EQ,14-Dec-16,470.65,470.2,476.8,462.65,471.55,472.35,471.95,7660437,3615370706,108130,3629795,47.38,6.15,8,6.6,7.55,14.15,0.45
TATAMOTORS,EQ,15-Dec-16,472.35,464,473.6,462.5,463.2,463.2,466.84,6539067,3052724243,99789,3221086,49.26,1.25,9.85,9.6,1.5,11.1,8.35
TATAMOTORS,EQ,16-Dec-16,463.2,465,474.9,464.2,471.7,473.15,472.07,9015744,4256086066,135978,5240309,58.12,11.7,-1,9.9,0.8,10.7,-1.8
TATAMOTORS,EQ,19-Dec-16,473.15,470.9,478.55,465.5,471.05,471.8,472.79,5445624,2574612558,70775,2054977,37.74,5.4,7.65,7.65,5.4,13.05,2.25
TATAMOTORS,EQ,20-Dec-16,471.8,473,475,469.1,473,473.15,472.55,3690160,1743777898,72550,1462781,39.64,3.2,2.7,2,3.9,5.9,-1.2
TATAMOTORS,EQ,21-Dec-16,473.15,473.5,474.5,467.1,469.6,468.5,469.5,3492856,1639881930,55005,1913573,54.79,1.35,6.05,1,6.4,7.4,-0.35
TATAMOTORS,EQ,22-Dec-16,468.5,468.15,472.95,464.8,470.85,469.6,469,5436494,2549739955,87161,2728362,50.19,4.45,3.7,4.8,3.35,8.15,0.35
TATAMOTORS,EQ,23-Dec-16,469.6,464.95,468.3,460,468.3,465.65,464.33,3957854,1837737321,62931,1294690,32.71,-1.3,9.6,3.35,4.95,8.3,4.65
TATAMOTORS,EQ,26-Dec-16,465.65,465.5,465.5,455.6,459.5,457.85,458.66,3282425,1505505802,52317,1029261,31.36,-0.15,10.05,0,9.9,9.9,0.15
TATAMOTORS,EQ,27-Dec-16,457.85,460,468.75,457.4,465.9,466.95,461.85,3164664,1461586870,52219,1101305,34.8,10.9,0.45,8.75,2.6,11.35,-2.15
TATAMOTORS,EQ,28-Dec-16,466.95,467,468.65,462,463.6,463.35,463.97,3772181,1750185879,67480,1819425,48.23,1.7,4.95,1.65,5,6.65,-0.05
TATAMOTORS,EQ,29-Dec-16,463.35,462.75,472.7,459.35,471.65,470.9,466.15,4763171,2220353099,53783,2354762,49.44,9.35,4,9.95,3.4,13.35,0.6
TATAMOTORS,EQ,30-Dec-16,470.9,471,475,467.5,469.9,472,471.08,3605555,1698493449,57127,1420959,39.41,4.1,3.4,4,3.5,7.5,-0.1
TATAMOTORS,EQ,2-Jan-17,472,472,488.7,469.05,486.55,487.05,479.72,4024156,1930454560,46945,1155521,28.71,16.7,2.95,16.7,2.95,19.65,0
TATAMOTORS,EQ,3-Jan-17,487.05,491,492.7,479.9,480.5,481.1,486.65,5814518,2829623413,68062,2007214,34.52,5.65,7.15,1.7,11.1,12.8,-3.95
TATAMOTORS,EQ,4-Jan-17,481.1,484.65,493.7,484.1,487,486.65,489.31,4769872,2333956956,90870,1502217,31.49,12.6,-3,9.05,0.55,9.6,-3.55
TATAMOTORS,EQ,5-Jan-17,486.65,496,503.4,495.55,502,502.15,500.55,7961242,3984968934,129715,3150388,39.57,16.75,-8.9,7.4,0.45,7.85,-9.35
TATAMOTORS,EQ,6-Jan-17,502.15,502.95,507.95,496.25,498.55,497.75,501.97,4907475,2463423039,83283,1786394,36.4,5.8,5.9,5,6.7,11.7,-0.8
TATAMOTORS,EQ,9-Jan-17,497.75,499.4,504.6,492.15,501.25,500.15,500.22,3932710,1967232558,50574,952949,24.23,6.85,5.6,5.2,7.25,12.45,-1.65
TATAMOTORS,EQ,10-Jan-17,500.15,506.55,518,505.95,517.9,516.25,512.98,7973024,4089968794,118993,4154597,52.11,17.85,-5.8,11.45,0.6,12.05,-6.4
TATAMOTORS,EQ,11-Jan-17,516.25,520.25,523.95,517.15,518.85,519.25,519.85,4886398,2540172057,79188,2413819,49.4,7.7,-0.9,3.7,3.1,6.8,-4
TATAMOTORS,EQ,12-Jan-17,519.25,521.7,524,513.2,519.15,518.25,518.43,4219627,2187594098,58936,1596286,37.83,4.75,6.05,2.3,8.5,10.8,-2.45
TATAMOTORS,EQ,13-Jan-17,518.25,523.25,523.25,507.5,514.95,514.85,512.45,6367248,3262892871,91625,3102747,48.73,5,10.75,0,15.75,15.75,-5
TATAMOTORS,EQ,16-Jan-17,514.85,518.65,529.45,517,526.5,526.4,524.43,6084582,3190932913,76463,2848342,46.81,14.6,-2.15,10.8,1.65,12.45,-3.8
TATAMOTORS,EQ,17-Jan-17,526.4,528.1,530.8,521,521.3,523.7,526.18,4297426,2261205609,59209,2032487,47.3,4.4,5.4,2.7,7.1,9.8,-1.7
TATAMOTORS,EQ,18-Jan-17,523.7,523.05,529.6,521.2,522.5,522.45,524.36,5874608,3080413159,47816,3939773,67.06,5.9,2.5,6.55,1.85,8.4,0.65
TATAMOTORS,EQ,19-Jan-17,522.45,523,535.6,522.7,530.65,531.45,531.81,5810128,3089895903,93713,2365356,40.71,13.15,-0.25,12.6,0.3,12.9,-0.55
TATAMOTORS,EQ,20-Jan-17,531.45,527.4,529.3,521.25,523.5,523.2,524.93,5013928,2631946677,95695,3165056,63.13,-2.15,10.2,1.9,6.15,8.05,4.05
TATAMOTORS,EQ,23-Jan-17,523.2,523.2,534.95,523,533.4,532.7,530.73,4209879,2234307173,65587,2216287,52.64,11.75,0.2,11.75,0.2,11.95,0
TATAMOTORS,EQ,24-Jan-17,532.7,533,543,532.35,540.95,541.55,540.22,5183630,2800288428,70595,2559436,49.38,10.3,0.35,10,0.65,10.65,-0.3
TATAMOTORS,EQ,25-Jan-17,541.55,543.25,551.9,541.55,550,548.9,545.77,4504941,2458661120,96866,2473162,54.9,10.35,0,8.65,1.7,10.35,-1.7
TATAMOTORS,EQ,27-Jan-17,548.9,549,552,539.75,540.75,541.95,544.76,4493803,2448039954,71162,2510772,55.87,3.1,9.15,3,9.25,12.25,-0.1
TATAMOTORS,EQ,30-Jan-17,541.95,542,543.5,530.8,532.75,532.3,535.12,4163428,2227952952,68161,2544265,61.11,1.55,11.15,1.5,11.2,12.7,-0.05
TATAMOTORS,EQ,31-Jan-17,532.3,530.2,531.5,518,522.35,523.55,525.35,6035022,3170512184,89536,3417250,56.62,-0.8,14.3,1.3,12.2,13.5,2.1
TATAMOTORS,EQ,1-Feb-17,523.55,527.5,544.5,522.9,540.15,542.25,534.94,4786720,2560622924,68602,2124516,44.38,20.95,0.65,17,4.6,21.6,-3.95
TATAMOTORS,EQ,2-Feb-17,542.25,537.6,537.6,526.8,532.5,531.5,530.9,6579801,3493238632,97475,3411529,51.85,-4.65,15.45,0,10.8,10.8,4.65
TATAMOTORS,EQ,3-Feb-17,531.5,531.9,531.9,519.5,522.35,522.6,524.4,5298261,2778383924,88449,3228200,60.93,0.4,12,0,12.4,12.4,-0.4
TATAMOTORS,EQ,6-Feb-17,522.6,527.9,531.45,523.2,524.35,525.85,527.59,3642527,1921753046,65553,1581320,43.41,8.85,-0.6,3.55,4.7,8.25,-5.3
TATAMOTORS,EQ,7-Feb-17,525.85,524.8,524.8,502,507.1,506.8,511.91,7987282,4088778846,132944,3974329,49.76,-1.05,23.85,0,22.8,22.8,1.05
TATAMOTORS,EQ,8-Feb-17,506.8,512.35,514.95,506.3,513.2,513.05,512.6,5975054,3062802065,103444,3082288,51.59,8.15,0.5,2.6,6.05,8.65,-5.55
TATAMOTORS,EQ,9-Feb-17,513.05,515.4,518,505.75,513.65,512.85,512.31,4099871,2100388447,59432,1782176,43.47,4.95,7.3,2.6,9.65,12.25,-2.35
TATAMOTORS,EQ,10-Feb-17,512.85,513,514.8,506.5,508.6,509.55,509.89,4732032,2412820666,55363,2330324,49.25,1.95,6.35,1.8,6.5,8.3,-0.15
TATAMOTORS,EQ,13-Feb-17,509.55,512.7,512.7,503.3,503.95,505.3,506.15,4700518,2379145842,75275,2527328,53.77,3.15,6.25,0,9.4,9.4,-3.15
TATAMOTORS,EQ,14-Feb-17,505.3,503,506.7,466.55,467.15,482.05,490.98,14901414,7316277887,145070,6064694,40.7,1.4,38.75,3.7,36.45,40.15,2.3
TATAMOTORS,EQ,15-Feb-17,482.05,449.05,453,434.35,436.7,436.45,444.72,38638630,17183214726,401225,14995822,38.81,-29.05,47.7,3.95,14.7,18.65,33
TATAMOTORS,EQ,16-Feb-17,436.45,442.55,447.6,435.4,444.1,446,442.98,11622714,5148622595,142277,4029543,34.67,11.15,1.05,5.05,7.15,12.2,-6.1
TATAMOTORS,EQ,17-Feb-17,446,447.9,456.6,442.4,451.5,452.95,450.88,10063504,4537448625,119408,4292803,42.66,10.6,3.6,8.7,5.5,14.2,-1.9
TATAMOTORS,EQ,20-Feb-17,452.95,451.5,458.45,449,455,455.45,454.15,5866707,2664359116,80177,2136751,36.42,5.5,3.95,6.95,2.5,9.45,1.45
TATAMOTORS,EQ,21-Feb-17,455.45,456.9,462.8,454.5,458,458.65,459.15,6875914,3157069434,87494,3247866,47.24,7.35,0.95,5.9,2.4,8.3,-1.45
TATAMOTORS,EQ,22-Feb-17,458.65,460.25,466.7,455.8,460,460.05,462.25,7315280,3381506232,131789,2757853,37.7,8.05,2.85,6.45,4.45,10.9,-1.6
TATAMOTORS,EQ,23-Feb-17,460.05,464,464.7,457.25,464,462.35,461.6,9492419,4381698081,92180,6193845,65.25,4.65,2.8,0.7,6.75,7.45,-3.95
TATAMOTORS,EQ,27-Feb-17,462.35,464,464,455.1,458,457.8,458.04,5510484,2524012401,89343,3557397,64.56,1.65,7.25,0,8.9,8.9,-1.65
TATAMOTORS,EQ,28-Feb-17,457.8,460,460,454.1,457,456.75,456.32,5722402,2611247300,87772,3889040,67.96,2.2,3.7,0,5.9,5.9,-2.2
TATAMOTORS,EQ,1-Mar-17,456.75,455.9,455.9,448,449.5,449.45,450.86,8367579,3772609958,141268,5264418,62.91,-0.85,8.75,0,7.9,7.9,0.85
TATAMOTORS,EQ,2-Mar-17,449.45,457.85,467.9,453.2,461.3,461.7,463.03,13667695,6328545943,147115,5383593,39.39,18.45,-3.75,10.05,4.65,14.7,-8.4
TATAMOTORS,EQ,3-Mar-17,461.7,463.3,466.85,458.6,460.25,459.95,461.43,7085620,3269498014,111096,3892320,54.93,5.15,3.1,3.55,4.7,8.25,-1.6
TATAMOTORS,EQ,6-Mar-17,459.95,462.5,472.7,462.1,470.25,470.8,467.79,4036291,1888121221,59743,1294887,32.08,12.75,-2.15,10.2,0.4,10.6,-2.55
TATAMOTORS,EQ,7-Mar-17,470.8,469.5,475.9,466.05,466.6,467.55,470.44,7114541,3346950383,114627,2930474,41.19,5.1,4.75,6.4,3.45,9.85,1.3
TATAMOTORS,EQ,8-Mar-17,467.55,469.4,469.6,461.15,463,462.8,463.11,5351597,2478399752,99533,2980492,55.69,2.05,6.4,0.2,8.25,8.45,-1.85
TATAMOTORS,EQ,9-Mar-17,462.8,462.45,469.7,462,467.6,467.6,466.96,3837624,1792024214,80242,1641598,42.78,6.9,0.8,7.25,0.45,7.7,0.35
TATAMOTORS,EQ,10-Mar-17,467.6,471,471.85,465.1,468.45,469.1,468.76,5766815,2703259476,81483,2893760,50.18,4.25,2.5,0.85,5.9,6.75,-3.4
TATAMOTORS,EQ,14-Mar-17,469.1,481,483,468.45,470.2,469.75,472.78,6348198,3001306159,83544,3805876,59.95,13.9,0.65,2,12.55,14.55,-11.9
TATAMOTORS,EQ,15-Mar-17,469.75,475,476.55,470.65,473.35,473.45,473.58,4801312,2273795057,80630,2838492,59.12,6.8,-0.9,1.55,4.35,5.9,-5.25
TATAMOTORS,EQ,16-Mar-17,473.45,478.7,482,476.15,480.9,480.95,479.2,6272947,3006025889,77790,3844356,61.28,8.55,-2.7,3.3,2.55,5.85,-5.25
TATAMOTORS,EQ,17-Mar-17,480.95,481.35,484.2,471.7,476,476.5,477.24,6338248,3024838069,81247,3550016,56.01,3.25,9.25,2.85,9.65,12.5,-0.4
TATAMOTORS,EQ,20-Mar-17,476.5,476.55,478.2,470.75,475.95,476,474.26,2871104,1361646343,42534,1463020,50.96,1.7,5.75,1.65,5.8,7.45,-0.05
TATAMOTORS,EQ,21-Mar-17,476,478,478.05,470.65,473.65,473.75,473.13,4685410,2216815932,67629,3000238,64.03,2.05,5.35,0.05,7.35,7.4,-2
TATAMOTORS,EQ,22-Mar-17,473.75,469.95,469.95,458.5,460.5,459.9,463.77,4695648,2177713559,88765,2544658,54.19,-3.8,15.25,0,11.45,11.45,3.8
TATAMOTORS,EQ,23-Mar-17,459.9,461.3,477,461.3,471.25,472.9,470.24,8665384,4074767238,102038,3771384,43.52,17.1,-1.4,15.7,0,15.7,-1.4
TATAMOTORS,EQ,24-Mar-17,472.9,470.75,474.8,467.55,469.7,470.4,471.19,4296510,2024466462,50444,2117945,49.29,1.9,5.35,4.05,3.2,7.25,2.15
TATAMOTORS,EQ,27-Mar-17,470.4,469,469.15,462.1,464.1,464.75,464.91,4417413,2053720809,52758,2521083,57.07,-1.25,8.3,0.15,6.9,7.05,1.4
TATAMOTORS,EQ,28-Mar-17,464.75,467.5,473,467.5,472.05,472.4,471.33,2982614,1405784387,57847,1771292,59.39,8.25,-2.75,5.5,0,5.5,-2.75
TATAMOTORS,EQ,29-Mar-17,472.4,474.9,475,463.6,469.25,469.05,470.33,6680569,3142082820,72109,3794301,56.8,2.6,8.8,0.1,11.3,11.4,-2.5
TATAMOTORS,EQ,30-Mar-17,469.05,463.5,469.8,462.85,468.5,468.4,467.74,9482785,4435430887,97499,7264192,76.6,0.75,6.2,6.3,0.65,6.95,5.55
TATAMOTORS,EQ,31-Mar-17,468.4,466.5,472.5,464.5,467.35,465.85,468.06,6400088,2995607487,98614,3919821,61.25,4.1,3.9,6,2,8,1.9
TATAMOTORS,EQ,3-Apr-17,465.85,468.25,472.3,467.6,470.8,470.4,469.82,2951896,1386857117,63896,1338955,45.36,6.45,-1.75,4.05,0.65,4.7,-2.4
TATAMOTORS,EQ,5-Apr-17,470.4,470.4,475,467.25,471.8,473.5,472.43,5287168,2497794472,102107,3069951,58.06,4.6,3.15,4.6,3.15,7.75,0
TATAMOTORS,EQ,6-Apr-17,473.5,474.3,478.5,470.6,472,473.2,474.22,6703078,3178720879,98853,3732479,55.68,5,2.9,4.2,3.7,7.9,-0.8
TATAMOTORS,EQ,7-Apr-17,473.2,468.45,480.55,466.65,468,468.3,473,8089461,3826276978,70318,4097513,50.65,7.35,6.55,12.1,1.8,13.9,4.75
TATAMOTORS,EQ,10-Apr-17,468.3,471.65,478.3,467.55,475.8,474.9,473.65,5437523,2575468755,79713,2800508,51.5,10,0.75,6.65,4.1,10.75,-3.35
TATAMOTORS,EQ,11-Apr-17,474.9,477.9,478.35,471.1,472.55,472.25,474.69,4887918,2320245927,82164,2926917,59.88,3.45,3.8,0.45,6.8,7.25,-3
TATAMOTORS,EQ,12-Apr-17,472.25,468.7,471.55,461.6,465.05,464.55,466.52,5991598,2795199048,64481,3575246,59.67,-0.7,10.65,2.85,7.1,9.95,3.55
TATAMOTORS,EQ,13-Apr-17,464.55,461.85,463.35,451.2,455.2,453.35,456.29,5930185,2705876858,80667,3191858,53.82,-1.2,13.35,1.5,10.65,12.15,2.7
TATAMOTORS,EQ,17-Apr-17,453.35,452,455.7,447.3,447.5,449.2,450.98,4913930,2216066751,72168,2277904,46.36,2.35,6.05,3.7,4.7,8.4,1.35
TATAMOTORS,EQ,18-Apr-17,449.2,452,455.75,442.5,443.4,443.7,450.13,4235130,1906370784,60493,2288088,54.03,6.55,6.7,3.75,9.5,13.25,-2.8
TATAMOTORS,EQ,19-Apr-17,443.7,443,449.5,438.3,444.95,443.05,443.13,6319332,2800278934,111923,3166031,50.1,5.8,5.4,6.5,4.7,11.2,0.7
TATAMOTORS,EQ,20-Apr-17,443.05,447.85,447.85,442.1,444.1,443.95,444.64,3288900,1462381837,76823,1712047,52.06,4.8,0.95,0,5.75,5.75,-4.8
TATAMOTORS,EQ,21-Apr-17,443.95,446.75,448.45,437.6,440.2,440.6,442.22,5325590,2355076108,69405,3015498,56.62,4.5,6.35,1.7,9.15,10.85,-2.8
TATAMOTORS,EQ,24-Apr-17,440.6,439.8,449,438.75,443.9,443.85,444.61,6214069,2762823475,92562,3582006,57.64,8.4,1.85,9.2,1.05,10.25,0.8
TATAMOTORS,EQ,25-Apr-17,443.85,445.85,447.75,443.3,446.3,445.65,445.89,5894090,2628143566,101967,4129259,70.06,3.9,0.55,1.9,2.55,4.45,-2
TATAMOTORS,EQ,26-Apr-17,445.65,446,454.4,445.5,451,450.8,451.05,8438042,3806001313,91539,5099603,60.44,8.75,0.15,8.4,0.5,8.9,-0.35
TATAMOTORS,EQ,27-Apr-17,450.8,455,460.9,452.7,455,455.35,457.48,10589249,4844331315,97674,6447307,60.89,10.1,-1.9,5.9,2.3,8.2,-4.2
TATAMOTORS,EQ,28-Apr-17,455.35,457.1,462,454.4,459.35,458.9,458.61,5126904,2351224867,53954,2743120,53.5,6.65,0.95,4.9,2.7,7.6,-1.75
TATAMOTORS,EQ,2-May-17,458.9,456.6,457.2,448.55,450.5,451.25,451.43,6071958,2741058006,103502,3573499,58.85,-1.7,10.35,0.6,8.05,8.65,2.3
TATAMOTORS,EQ,3-May-17,451.25,451.35,456,444.65,445.95,446.6,451.24,5158586,2327746874,74634,2915784,56.52,4.75,6.6,4.65,6.7,11.35,-0.1
TATAMOTORS,EQ,4-May-17,446.6,446.65,448.1,435.15,437,436.5,439.55,6204022,2727005102,101288,3922266,63.22,1.5,11.45,1.45,11.5,12.95,-0.05
TATAMOTORS,EQ,5-May-17,436.5,436.5,436.5,418,419.9,419.6,423.45,9487539,4017457883,180107,4273438,45.04,0,18.5,0,18.5,18.5,0
TATAMOTORS,EQ,8-May-17,419.6,424.75,428.7,417.25,422.6,422.65,424.02,7427873,3149586025,104688,4277738,57.59,9.1,2.35,3.95,7.5,11.45,-5.15
TATAMOTORS,EQ,9-May-17,422.65,424.75,428.8,422.7,426.9,426.8,426.54,2833132,1208455012,45090,1021524,36.06,6.15,-0.05,4.05,2.05,6.1,-2.1
TATAMOTORS,EQ,10-May-17,426.8,427.8,433,424,432,432.3,430.59,5378402,2315910016,57789,2885192,53.64,6.2,2.8,5.2,3.8,9,-1
TATAMOTORS,EQ,11-May-17,432.3,434,434.5,425.4,427.7,427.45,429.33,4049649,1738626700,59226,1834517,45.3,2.2,6.9,0.5,8.6,9.1,-1.7
TATAMOTORS,EQ,12-May-17,427.45,429.65,433.8,427.45,432,430.85,430.55,3850940,1658022370,53836,1850775,48.06,6.35,0,4.15,2.2,6.35,-2.2
TATAMOTORS,EQ,15-May-17,430.85,434,434,430.1,431.95,431.9,431.81,1885702,814259796.7,28960,711309,37.72,3.15,0.75,0,3.9,3.9,-3.15
TATAMOTORS,EQ,16-May-17,431.9,432.25,439.5,432.25,437.3,437.25,437.4,3452072,1509944741,46286,1485523,43.03,7.6,-0.35,7.25,0,7.25,-0.35
TATAMOTORS,EQ,17-May-17,437.25,436.5,452.5,435.1,448.9,449.1,445.54,6572678,2928371956,90983,2468026,37.55,15.25,2.15,16,1.4,17.4,0.75
TATAMOTORS,EQ,18-May-17,449.1,442,448.7,436,436.95,437.95,441.86,6158546,2721227264,85075,3028054,49.17,-0.4,13.1,6.7,6,12.7,7.1
TATAMOTORS,EQ,19-May-17,437.95,439,444.95,434.6,443.1,443.35,440.79,4387481,1933946988,56380,1750449,39.9,7,3.35,5.95,4.4,10.35,-1.05
TATAMOTORS,EQ,22-May-17,443.35,446,452.75,442.6,449.2,449.65,449.34,6145914,2761600252,72517,2348016,38.2,9.4,0.75,6.75,3.4,10.15,-2.65
TATAMOTORS,EQ,23-May-17,449.65,451.45,456.45,444.3,447.9,450.5,450.61,10330814,4655154408,115609,2774219,26.85,6.8,5.35,5,7.15,12.15,-1.8
TATAMOTORS,EQ,24-May-17,450.5,470,473.35,458.1,470.5,469.55,467.4,27370795,12793024596,284148,11646014,42.55,22.85,-7.6,3.35,11.9,15.25,-19.5
TATAMOTORS,EQ,25-May-17,469.55,470,479,464.7,474.8,476,474.63,15108872,7171053739,140653,7693817,50.92,9.45,4.85,9,5.3,14.3,-0.45
TATAMOTORS,EQ,26-May-17,476,474.1,488.25,473.5,481,481.1,482.95,7692869,3715234351,92823,3466993,45.07,12.25,2.5,14.15,0.6,14.75,1.9
TATAMOTORS,EQ,29-May-17,481.1,482.5,485,471.8,483.5,481.5,478.34,4253044,2034417028,62207,1801705,42.36,3.9,9.3,2.5,10.7,13.2,-1.4
TATAMOTORS,EQ,30-May-17,481.5,482.7,487,480,480.7,481.3,484.28,3101380,1501931833,58344,1457205,46.99,5.5,1.5,4.3,2.7,7,-1.2
TATAMOTORS,EQ,31-May-17,481.3,482.3,483,474.8,476.4,476.15,478.07,5393856,2578617548,97567,3150172,58.4,1.7,6.5,0.7,7.5,8.2,-1
TATAMOTORS,EQ,1-Jun-17,476.15,476.95,479.7,473.55,477,476.65,476.6,3001232,1430387017,40932,1269506,42.3,3.55,2.6,2.75,3.4,6.15,-0.8
TATAMOTORS,EQ,2-Jun-17,476.65,480,485.95,477.7,477.95,478.75,481.96,4319080,2081631610,54392,1418366,32.84,9.3,-1.05,5.95,2.3,8.25,-3.35
TATAMOTORS,EQ,5-Jun-17,478.75,478.3,481.9,475.2,478.6,478.15,478.48,2464819,1179365367,37117,1054430,42.78,3.15,3.55,3.6,3.1,6.7,0.45
TATAMOTORS,EQ,6-Jun-17,478.15,482.9,484.35,457.6,461.7,461,467.17,8016939,3745258835,134732,3213087,40.08,6.2,20.55,1.45,25.3,26.75,-4.75
TATAMOTORS,EQ,7-Jun-17,461,462.55,463.65,453.5,458.6,458,457.44,5250544,2401833968,83797,2326345,44.31,2.65,7.5,1.1,9.05,10.15,-1.55
TATAMOTORS,EQ,8-Jun-17,458,459.5,463.45,457.35,460.65,460.8,460.77,4066322,1873628818,58341,1653987,40.68,5.45,0.65,3.95,2.15,6.1,-1.5
TATAMOTORS,EQ,9-Jun-17,460.8,459.95,468,455,466.9,467.1,462.8,4598706,2128258272,69181,1723233,37.47,7.2,5.8,8.05,4.95,13,0.85
TATAMOTORS,EQ,12-Jun-17,467.1,463.75,465.25,455.2,455.55,456.25,460.15,4341696,1997812455,59000,1597386,36.79,-1.85,11.9,1.5,8.55,10.05,3.35
TATAMOTORS,EQ,13-Jun-17,456.25,457.15,458.75,448,448.5,449.55,452.55,3577406,1618937551,53240,1402733,39.21,2.5,8.25,1.6,9.15,10.75,-0.9
TATAMOTORS,EQ,14-Jun-17,449.55,450.8,453.4,447.05,452,451.95,451.35,3605931,1627539303,72877,1413777,39.21,3.85,2.5,2.6,3.75,6.35,-1.25
TATAMOTORS,EQ,15-Jun-17,451.95,452,457.85,446.95,447.2,448.3,451.79,3879154,1752553692,85539,1253214,32.31,5.9,5,5.85,5.05,10.9,-0.05
TATAMOTORS,EQ,16-Jun-17,448.3,454.7,458.4,452,455.35,455.75,455.3,7042094,3206241373,104461,3117552,44.27,10.1,-3.7,3.7,2.7,6.4,-6.4
TATAMOTORS,EQ,19-Jun-17,455.75,453.8,456.4,450.5,452.9,452.35,452.93,3869675,1752696284,58890,1903791,49.2,0.65,5.25,2.6,3.3,5.9,1.95
TATAMOTORS,EQ,20-Jun-17,452.35,457,470.75,456,466.5,467.4,465.76,12014975,5596092341,205410,5545604,46.16,18.4,-3.65,13.75,1,14.75,-4.65
TATAMOTORS,EQ,21-Jun-17,467.4,466,466,455.5,458.5,457.3,459.41,5436141,2497442605,74836,2636299,48.5,-1.4,11.9,0,10.5,10.5,1.4
TATAMOTORS,EQ,22-Jun-17,457.3,458.85,463,451.6,454.2,452.7,458.4,5008885,2296063001,96997,2125188,42.43,5.7,5.7,4.15,7.25,11.4,-1.55
TATAMOTORS,EQ,23-Jun-17,452.7,454,456.5,442.4,444.1,443.15,446.88,6753648,3018101838,109462,3110902,46.06,3.8,10.3,2.5,11.6,14.1,-1.3
TATAMOTORS,EQ,27-Jun-17,443.15,443.8,444.5,434.4,444,442.3,438.67,5915274,2594872370,75944,3522425,59.55,1.35,8.75,0.7,9.4,10.1,-0.65
TATAMOTORS,EQ,28-Jun-17,442.3,443.9,446.8,440.15,442,442.5,443.23,4960238,2198547387,62049,2126499,42.87,4.5,2.15,2.9,3.75,6.65,-1.6
TATAMOTORS,EQ,29-Jun-17,442.5,444.5,446.25,434,437,435.6,439.73,11085101,4874473731,100636,8134594,73.38,3.75,8.5,1.75,10.5,12.25,-2
TATAMOTORS,EQ,30-Jun-17,435.6,433.9,435.6,428.05,432.95,432.55,431.4,4776892,2060751789,117302,2151159,45.03,0,7.55,1.7,5.85,7.55,1.7
TATAMOTORS,EQ,3-Jul-17,432.55,431.5,434.7,426.25,429.6,430.25,430.76,6230025,2683632071,74110,3123106,50.13,2.15,6.3,3.2,5.25,8.45,1.05
TATAMOTORS,EQ,4-Jul-17,430.25,434.2,436.4,426,426.9,426.9,430.37,5020683,2160753187,79594,2028093,40.39,6.15,4.25,2.2,8.2,10.4,-3.95
TATAMOTORS,EQ,5-Jul-17,426.9,428.9,433.95,427.4,432.35,431.75,431.11,5050749,2177448497,54757,2385926,47.24,7.05,-0.5,5.05,1.5,6.55,-2
TATAMOTORS,EQ,6-Jul-17,431.75,435.4,438.8,433.8,436.6,437.1,436.84,4038188,1764029545,55870,2093760,51.85,7.05,-2.05,3.4,1.6,5,-3.65
TATAMOTORS,EQ,7-Jul-17,437.1,434.45,441.45,432.25,436.7,436.85,437.38,5311730,2323239883,60516,2728690,51.37,4.35,4.85,7,2.2,9.2,2.65
TATAMOTORS,EQ,10-Jul-17,436.85,460,460,442.55,447,446.95,446.62,1189742,531357455.3,10582,753248,63.31,23.15,-5.7,0,17.45,17.45,-23.15
TATAMOTORS,EQ,11-Jul-17,446.95,452,462.3,451,456.55,456.95,458.02,12069006,5527816533,144340,6921673,57.35,15.35,-4.05,10.3,1,11.3,-5.05
TATAMOTORS,EQ,12-Jul-17,456.95,461,463.8,456.6,461.75,461,460.56,6051540,2787119933,85344,3085276,50.98,6.85,0.35,2.8,4.4,7.2,-4.05
TATAMOTORS,EQ,13-Jul-17,461,464.5,464.5,455.55,458.3,459.05,459.41,4382063,2013165156,57554,2519925,57.51,3.5,5.45,0,8.95,8.95,-3.5
TATAMOTORS,EQ,14-Jul-17,459.05,460,460,450.4,451,451.3,453.91,3974269,1803960400,58115,2335992,58.78,0.95,8.65,0,9.6,9.6,-0.95
TATAMOTORS,EQ,17-Jul-17,451.3,455,458.35,453.25,454.85,454.15,455.36,4922453,2241512132,47303,3078317,62.54,7.05,-1.95,3.35,1.75,5.1,-3.7
TATAMOTORS,EQ,18-Jul-17,454.15,452.6,459.5,452.6,456.5,456.15,456.78,2349268,1073100215,47095,1271432,54.12,5.35,1.55,6.9,0,6.9,1.55
TATAMOTORS,EQ,19-Jul-17,456.15,453,462.9,453,460.5,460.6,459.33,3395937,1559842538,75759,1880506,55.38,6.75,3.15,9.9,0,9.9,3.15
TATAMOTORS,EQ,20-Jul-17,460.6,463.5,464.35,457.35,459.8,460.15,460.04,3318626,1526702954,47685,2041587,61.52,3.75,3.25,0.85,6.15,7,-2.9
TATAMOTORS,EQ,21-Jul-17,460.15,460,465.9,457.6,464.5,464.6,462.37,3150269,1456596929,38197,1361635,43.22,5.75,2.55,5.9,2.4,8.3,0.15
TATAMOTORS,EQ,24-Jul-17,464.6,464.95,468.35,461,464.9,464,464.66,3773074,1753184517,49674,1750128,46.38,3.75,3.6,3.4,3.95,7.35,-0.35
TATAMOTORS,EQ,25-Jul-17,464,462.15,464.7,454.7,456.2,456.1,457.41,7052112,3225727669,67138,5169997,73.31,0.7,9.3,2.55,7.45,10,1.85
TATAMOTORS,EQ,26-Jul-17,456.1,457.2,458.7,455,456.95,457.3,457.1,3641559,1664544721,46569,2368960,65.05,2.6,1.1,1.5,2.2,3.7,-1.1
TATAMOTORS,EQ,27-Jul-17,457.3,459,460.95,440.3,444.05,445.4,449.23,13738611,6171808874,90948,10640194,77.45,3.65,17,1.95,18.7,20.65,-1.7
TATAMOTORS,EQ,28-Jul-17,445.4,444.6,447.45,442.45,446,445.85,444.95,3365171,1497338832,47316,1873919,55.69,2.05,2.95,2.85,2.15,5,0.8
TATAMOTORS,EQ,31-Jul-17,445.85,446.25,449.7,443.7,444.3,444.6,446.31,3804621,1698023773,49733,2547126,66.95,3.85,2.15,3.45,2.55,6,-0.4
TATAMOTORS,EQ,1-Aug-17,444.6,446.55,452.35,445.7,446.8,446.9,448.38,4012791,1799248860,58032,1910354,47.61,7.75,-1.1,5.8,0.85,6.65,-1.95
TATAMOTORS,EQ,2-Aug-17,446.9,449.5,449.95,438.15,438.9,440.35,442.65,4045533,1790768053,61624,2004493,49.55,3.05,8.75,0.45,11.35,11.8,-2.6
TATAMOTORS,EQ,3-Aug-17,440.35,441,441.5,429.6,432,431.45,433.4,6197142,2685855289,87118,3858767,62.27,1.15,10.75,0.5,11.4,11.9,-0.65
TATAMOTORS,EQ,4-Aug-17,431.45,435.1,438.75,433.45,435.75,435.6,435.61,4166729,1815075153,56342,2442950,58.63,7.3,-2,3.65,1.65,5.3,-3.65
TATAMOTORS,EQ,7-Aug-17,435.6,438.6,439.8,425.3,430.05,430,431.16,6461815,2786104073,78815,3480865,53.87,4.2,10.3,1.2,13.3,14.5,-3
TATAMOTORS,EQ,8-Aug-17,430,432,435.5,426,430.25,430,430.83,7134979,3073954612,88297,3778529,52.96,5.5,4,3.5,6,9.5,-2
TATAMOTORS,EQ,9-Aug-17,430,428.8,429.9,415,416.05,416.05,421.05,10849567,4568165299,131000,5081631,46.84,-0.1,15,1.1,13.8,14.9,1.2
TATAMOTORS,EQ,10-Aug-17,416.05,401,403.6,375.25,382.15,380.2,387.82,28114017,10903107221,376301,11467224,40.79,-12.45,40.8,2.6,25.75,28.35,15.05
TATAMOTORS,EQ,11-Aug-17,380.2,376,379.1,358.5,375,374.5,371.61,14699477,5462473479,196160,5933666,40.37,-1.1,21.7,3.1,17.5,20.6,4.2
TATAMOTORS,EQ,14-Aug-17,374.5,380,381.8,372.6,375.8,375.4,376.03,8216208,3089579210,116920,4831408,58.8,7.3,1.9,1.8,7.4,9.2,-5.5
TATAMOTORS,EQ,16-Aug-17,375.4,379.45,390.7,375.5,388.9,389.25,383.97,11019760,4231259687,125653,5787643,52.52,15.3,-0.1,11.25,3.95,15.2,-4.05
TATAMOTORS,EQ,17-Aug-17,389.25,392.45,392.45,384.5,385,385.3,388.08,5971420,2317405606,75537,2690383,45.05,3.2,4.75,0,7.95,7.95,-3.2
TATAMOTORS,EQ,18-Aug-17,385.3,381.75,383,377,381.55,380.4,379.77,5856198,2224002066,90719,3124467,53.35,-2.3,8.3,1.25,4.75,6,3.55
TATAMOTORS,EQ,21-Aug-17,380.4,382,382.55,371.3,375.35,374.35,376.4,5123101,1928346442,69774,2036212,39.75,2.15,9.1,0.55,10.7,11.25,-1.6
TATAMOTORS,EQ,22-Aug-17,374.35,378.8,379.95,372.25,374.25,373.6,375.36,4163794,1562926477,67843,1448796,34.8,5.6,2.1,1.15,6.55,7.7,-4.45
TATAMOTORS,EQ,23-Aug-17,373.6,376,381.15,373.35,380.6,379.95,378.33,4448871,1683161680,73627,1867006,41.97,7.55,0.25,5.15,2.65,7.8,-2.4
TATAMOTORS,EQ,24-Aug-17,379.95,380.1,385.95,380.1,385.2,384.15,383.93,5208541,1999723000,90986,2581637,49.57,6,-0.15,5.85,0,5.85,-0.15
TATAMOTORS,EQ,28-Aug-17,384.15,385.85,387.4,378.3,380,379.3,380.87,4403872,1677314651,75223,2506221,56.91,3.25,5.85,1.55,7.55,9.1,-1.7
TATAMOTORS,EQ,29-Aug-17,379.3,379,382.35,374.45,375.55,376.1,377.94,4689547,1772345122,64691,2073536,44.22,3.05,4.85,3.35,4.55,7.9,0.3
TATAMOTORS,EQ,30-Aug-17,376.1,380.85,382.75,377.45,379,378.5,379.91,3734824,1418909663,52649,1655675,44.33,6.65,-1.35,1.9,3.4,5.3,-4.75
TATAMOTORS,EQ,31-Aug-17,378.5,380.05,380.45,375.8,377,376.55,377.34,4685511,1768053569,61335,2596186,55.41,1.95,2.7,0.4,4.25,4.65,-1.55
TATAMOTORS,EQ,1-Sep-17,376.55,379.35,392.85,378.65,391,390.85,385.29,7380325,2843583567,101848,3116330,42.22,16.3,-2.1,13.5,0.7,14.2,-2.8
TATAMOTORS,EQ,4-Sep-17,390.85,393,396.05,380.5,384.2,383.4,386.93,8433560,3263202503,102810,3465896,41.1,5.2,10.35,3.05,12.5,15.55,-2.15
TATAMOTORS,EQ,5-Sep-17,383.4,385.7,389.5,383.4,389.1,388.15,386.12,4477993,1729027455,44114,2056326,45.92,6.1,0,3.8,2.3,6.1,-2.3
TATAMOTORS,EQ,6-Sep-17,388.15,385,386.7,381.85,382.75,382.7,383.91,5953907,2285736262,57943,3361898,56.47,-1.45,6.3,1.7,3.15,4.85,3.15
TATAMOTORS,EQ,7-Sep-17,382.7,383.7,384.4,376,378.25,378.15,378.6,7938665,3005541499,117544,4933655,62.15,1.7,6.7,0.7,7.7,8.4,-1
TATAMOTORS,EQ,8-Sep-17,378.15,381,381.8,374.05,375.1,375.05,377.03,7471355,2816940950,81319,3736346,50.01,3.65,4.1,0.8,6.95,7.75,-2.85
TATAMOTORS,EQ,11-Sep-17,375.05,380,380,374.2,375,375.3,376.77,5402725,2035571939,59463,3622510,67.05,4.95,0.85,0,5.8,5.8,-4.95
TATAMOTORS,EQ,12-Sep-17,375.3,378.7,390,375.5,388.55,388.25,382.86,9266823,3547883700,109246,4921192,53.11,14.7,-0.2,11.3,3.2,14.5,-3.4
TATAMOTORS,EQ,13-Sep-17,388.25,391,393.95,387.2,389.95,389.65,390.91,6537279,2555479907,76859,2284278,34.94,5.7,1.05,2.95,3.8,6.75,-2.75
TATAMOTORS,EQ,14-Sep-17,389.65,390.75,406.6,390.25,403.8,404.4,399.18,11476571,4581218468,107774,4907676,42.76,16.95,-0.6,15.85,0.5,16.35,-1.1
TATAMOTORS,EQ,15-Sep-17,404.4,402.85,406.75,400,402,401.75,402.68,9675506,3896160514,102079,4160621,43,2.35,4.4,3.9,2.85,6.75,1.55
TATAMOTORS,EQ,18-Sep-17,401.75,411.85,413,403.2,404.45,404.95,407.19,8966503,3651065715,99683,3447297,38.45,11.25,-1.45,1.15,8.65,9.8,-10.1
TATAMOTORS,EQ,19-Sep-17,404.95,415,427.7,414,424.25,423.65,421.93,28208471,11901983428,169472,9707530,34.41,22.75,-9.05,12.7,1,13.7,-10.05
TATAMOTORS,EQ,20-Sep-17,423.65,422.75,422.75,413,414.55,414.8,416.02,5179160,2154648951,79257,2151181,41.54,-0.9,10.65,0,9.75,9.75,0.9
TATAMOTORS,EQ,21-Sep-17,414.8,415.4,418.45,408.8,415.5,413.65,413.49,6946502,2872278347,83837,3004894,43.26,3.65,6,3.05,6.6,9.65,-0.6
TATAMOTORS,EQ,22-Sep-17,413.65,414,422.15,408.85,415,411.8,415.83,9781308,4067342744,113677,3285612,33.59,8.5,4.8,8.15,5.15,13.3,-0.35
TATAMOTORS,EQ,25-Sep-17,411.8,413.65,415.3,404.6,407.95,408.2,408.77,6957357,2843972979,76694,3316819,47.67,3.5,7.2,1.65,9.05,10.7,-1.85
TATAMOTORS,EQ,26-Sep-17,408.2,409.4,413.9,403.3,410.65,411.25,410.01,5077291,2081733260,83099,1968380,38.77,5.7,4.9,4.5,6.1,10.6,-1.2
TATAMOTORS,EQ,27-Sep-17,411.25,413.5,414.25,402,407,404.9,406.82,4727360,1923180421,57194,1818141,38.46,3,9.25,0.75,11.5,12.25,-2.25
TATAMOTORS,EQ,28-Sep-17,404.9,406.95,406.95,399,400.6,401.4,402.23,4850748,1951134068,49124,2129288,43.9,2.05,5.9,0,7.95,7.95,-2.05
TATAMOTORS,EQ,29-Sep-17,401.4,401.4,405,397.4,403.85,401.5,401.02,7520906,3016016013,73616,4323253,57.48,3.6,4,3.6,4,7.6,0
TATAMOTORS,EQ,3-Oct-17,401.5,428,428,415,416,416,419.25,9696920,4065423532,119070,2206323,22.75,26.5,-13.5,0,13,13,-26.5
TATAMOTORS,EQ,4-Oct-17,416,417.55,426,412.7,425.8,423.55,419.51,7663143,3214755761,90091,2964462,38.68,10,3.3,8.45,4.85,13.3,-1.55
TATAMOTORS,EQ,5-Oct-17,423.55,423,425.8,420.1,424.25,423.3,422.95,4606192,1948200611,55812,1829409,39.72,2.25,3.45,2.8,2.9,5.7,0.55
TATAMOTORS,EQ,6-Oct-17,423.3,422,426,416.2,424.65,424.85,423.2,5308695,2246652247,57527,1712678,32.26,2.7,7.1,4,5.8,9.8,1.3
TATAMOTORS,EQ,9-Oct-17,424.85,424,432.1,423.05,425.2,425.6,427.35,4414381,1886482043,52653,1630868,36.94,7.25,1.8,8.1,0.95,9.05,0.85
TATAMOTORS,EQ,10-Oct-17,425.6,425.6,428.9,421.4,423.9,423.6,424.86,5057869,2148885632,66746,2192814,43.35,3.3,4.2,3.3,4.2,7.5,0
TATAMOTORS,EQ,11-Oct-17,423.6,424.9,424.9,414.1,414.45,415.5,419.53,4320451,1812544104,57500,2022230,46.81,1.3,9.5,0,10.8,10.8,-1.3
TATAMOTORS,EQ,12-Oct-17,415.5,415.5,421.8,409.35,420,420.15,415.75,5442846,2262885324,68575,1656258,30.43,6.3,6.15,6.3,6.15,12.45,0
TATAMOTORS,EQ,13-Oct-17,420.15,421,429.3,418.9,425.5,424.8,425.8,6969434,2967599279,80659,3108617,44.6,9.15,1.25,8.3,2.1,10.4,-0.85
TATAMOTORS,EQ,16-Oct-17,424.8,426.3,438,425.85,437.5,437.05,433.4,8476709,3673790483,84794,2752027,32.47,13.2,-1.05,11.7,0.45,12.15,-1.5
TATAMOTORS,EQ,17-Oct-17,437.05,435.75,435.75,430.2,434,432.3,432.43,5135763,2220854174,50449,1562651,30.43,-1.3,6.85,0,5.55,5.55,1.3
TATAMOTORS,EQ,18-Oct-17,432.3,432.25,437.3,426.6,432.5,433.2,432.3,5539785,2394856852,50385,1738864,31.39,5,5.7,5.05,5.65,10.7,0.05
TATAMOTORS,EQ,19-Oct-17,433.2,433,433.1,424.25,424.35,426.95,428.85,1313380,563241467.5,15612,634227,48.29,-0.1,8.95,0.1,8.75,8.85,0.2
TATAMOTORS,EQ,23-Oct-17,426.95,429.1,430.85,421,422,422.75,424.61,4013418,1704140745,47424,1462368,36.44,3.9,5.95,1.75,8.1,9.85,-2.15
TATAMOTORS,EQ,24-Oct-17,422.75,422.75,423.8,415.05,415.85,416.05,417.53,4541742,1896293736,123220,2412847,53.13,1.05,7.7,1.05,7.7,8.75,0
TATAMOTORS,EQ,25-Oct-17,416.05,421,424.4,415.1,421.35,421.95,421.04,5666968,2386041338,68558,2967138,52.36,8.35,0.95,3.4,5.9,9.3,-4.95
TATAMOTORS,EQ,26-Oct-17,421.95,421.7,422.4,417,422,419.4,419.4,6207936,2603587026,42789,3885744,62.59,0.45,4.95,0.7,4.7,5.4,0.25
TATAMOTORS,EQ,27-Oct-17,419.4,422.05,434.35,422.05,429.85,429.9,428.87,7414741,3179995056,83467,3052116,41.16,14.95,-2.65,12.3,0,12.3,-2.65
TATAMOTORS,EQ,30-Oct-17,429.9,428.25,440.95,428.25,437.6,436.55,437.27,7675104,3356065801,100117,3761231,49.01,11.05,1.65,12.7,0,12.7,1.65
TATAMOTORS,EQ,31-Oct-17,436.55,438.85,438.85,427.3,428.4,428.4,430.37,6214996,2674747454,61396,3913885,62.97,2.3,9.25,0,11.55,11.55,-2.3
TATAMOTORS,EQ,1-Nov-17,428.4,430.95,439.95,428.45,437.2,437.75,436.09,7310931,3188260366,60645,3256787,44.55,11.55,-0.05,9,2.5,11.5,-2.55
TATAMOTORS,EQ,2-Nov-17,437.75,435.7,440.4,429.9,435.5,434.9,433.95,8262211,3585368005,58575,4072660,49.29,2.65,7.85,4.7,5.8,10.5,2.05
TATAMOTORS,EQ,3-Nov-17,434.9,434,449.35,432.65,448.5,447.7,442.06,8116263,3587902427,109297,3959318,48.78,14.45,2.25,15.35,1.35,16.7,0.9
TATAMOTORS,EQ,6-Nov-17,447.7,445.75,468,443.55,457.9,462.9,457.93,19456789,8909761237,156164,9404850,48.34,20.3,4.15,22.25,2.2,24.45,1.95
TATAMOTORS,EQ,7-Nov-17,462.9,458.2,465.9,450.05,451.7,451.85,457.37,13266543,6067685188,127450,5837113,44,3,12.85,7.7,8.15,15.85,4.7
TATAMOTORS,EQ,8-Nov-17,451.85,448,455,431.3,440.5,438.2,443.57,11193613,4965126941,142685,4026614,35.97,3.15,20.55,7,16.7,23.7,3.85
TATAMOTORS,EQ,9-Nov-17,438.2,442.1,450.9,425.65,440.35,440.15,441.67,40547266,17908435354,338004,13510048,33.32,12.7,12.55,8.8,16.45,25.25,-3.9
TATAMOTORS,EQ,10-Nov-17,440.15,438.95,438.95,420,421.55,422.55,426.07,22534490,9601344287,213471,9115415,40.45,-1.2,20.15,0,18.95,18.95,1.2
TATAMOTORS,EQ,13-Nov-17,422.55,423,427.5,416.1,417.85,418.1,422.06,9857544,4160453308,97272,4867491,49.38,4.95,6.45,4.5,6.9,11.4,-0.45
TATAMOTORS,EQ,14-Nov-17,418.1,418.55,421.85,410.65,414,414.3,416.06,8987515,3739353635,90996,3704111,41.21,3.75,7.45,3.3,7.9,11.2,-0.45
TATAMOTORS,EQ,15-Nov-17,414.3,414.3,417.55,407,409.65,408.65,411.75,9867270,4062875154,104073,3867904,39.2,3.25,7.3,3.25,7.3,10.55,0
TATAMOTORS,EQ,16-Nov-17,408.65,411.35,415.9,411.35,415,413.45,413.82,6291441,2603526848,81043,2514217,39.96,7.25,-2.7,4.55,0,4.55,-2.7
TATAMOTORS,EQ,17-Nov-17,413.45,419.45,423.45,417,421.7,421.8,420.22,6191428,2601790529,91339,2432693,39.29,10,-3.55,4,2.45,6.45,-6
TATAMOTORS,EQ,20-Nov-17,421.8,421,425.7,420.1,423.35,423,422.71,4051153,1712462247,42978,1292851,31.91,3.9,1.7,4.7,0.9,5.6,0.8
TATAMOTORS,EQ,21-Nov-17,423,424.45,430,422.5,424,424.25,425.97,6745407,2873360503,72243,2249809,33.35,7,0.5,5.55,1.95,7.5,-1.45
TATAMOTORS,EQ,22-Nov-17,424.25,425.45,433,424.5,428,428.6,429.12,7899417,3389813792,91008,2096516,26.54,8.75,-0.25,7.55,0.95,8.5,-1.2
TATAMOTORS,EQ,23-Nov-17,428.6,428.6,431.05,422.45,426.4,426.25,427.13,7374216,3149726029,67605,3006185,40.77,2.45,6.15,2.45,6.15,8.6,0
TATAMOTORS,EQ,24-Nov-17,426.25,427,429.95,424.25,425.5,425.5,426.88,5108182,2180567998,55588,2373641,46.47,3.7,2,2.95,2.75,5.7,-0.75
TATAMOTORS,EQ,27-Nov-17,425.5,423,424.75,417.8,421.65,421.4,421.35,7946028,3348088447,89802,4640573,58.4,-0.75,7.7,1.75,5.2,6.95,2.5
TATAMOTORS,EQ,28-Nov-17,421.4,419.8,422.25,414.5,414.8,415.95,418.52,6217480,2602128698,64747,3188855,51.29,0.85,6.9,2.45,5.3,7.75,1.6
TATAMOTORS,EQ,29-Nov-17,415.95,415.9,419.45,412.05,412.5,413.95,416.59,4327453,1802794179,61144,1589776,36.74,3.5,3.9,3.55,3.85,7.4,0.05
TATAMOTORS,EQ,30-Nov-17,413.95,410.4,412.25,402.25,404.85,404.15,406.29,25646262,10419723812,162012,19157885,74.7,-1.7,11.7,1.85,8.15,10,3.55
TATAMOTORS,EQ,1-Dec-17,404.15,407.9,410.25,396.5,399,398.9,404.69,7959197,3221017928,80578,2909690,36.56,6.1,7.65,2.35,11.4,13.75,-3.75
TATAMOTORS,EQ,4-Dec-17,398.9,405.8,411.25,401.7,404.25,403.65,406.2,10043491,4079619833,89263,3022151,30.09,12.35,-2.8,5.45,4.1,9.55,-6.9
TATAMOTORS,EQ,5-Dec-17,403.65,404.55,405.5,396.55,402.25,402.25,400.26,7144542,2859702637,70281,2506941,35.09,1.85,7.1,0.95,8,8.95,-0.9
TATAMOTORS,EQ,6-Dec-17,402.25,400.2,404,395,395.75,397.05,398.34,5573968,2220338768,58474,2183403,39.17,1.75,7.25,3.8,5.2,9,2.05
TATAMOTORS,EQ,7-Dec-17,397.05,398,405.3,397.15,402.55,402,401.72,7998863,3213292703,78444,3187048,39.84,8.25,-0.1,7.3,0.85,8.15,-0.95
TATAMOTORS,EQ,8-Dec-17,402,406,413.75,406,410.85,411.15,410.36,12288946,5042895343,131596,4705431,38.29,11.75,-4,7.75,0,7.75,-4
TATAMOTORS,EQ,11-Dec-17,411.15,412,415.2,409.05,410.2,410.15,411.64,5066242,2085491660,59510,1454711,28.71,4.05,2.1,3.2,2.95,6.15,-0.85
TATAMOTORS,EQ,12-Dec-17,410.15,411.55,415.5,405.95,406.25,406.85,410.29,6151197,2523783415,57765,1855347,30.16,5.35,4.2,3.95,5.6,9.55,-1.4
TATAMOTORS,EQ,13-Dec-17,406.85,407,409.85,400,401.65,401.95,405.31,5140689,2083567516,60080,1794834,34.91,3,6.85,2.85,7,9.85,-0.15
TATAMOTORS,EQ,14-Dec-17,401.95,404,404.55,398.2,402.95,402.4,401.19,4674026,1875178932,58027,1613616,34.52,2.6,3.75,0.55,5.8,6.35,-2.05
TATAMOTORS,EQ,15-Dec-17,402.4,406.5,409,404.2,404.95,405.1,405.91,5614113,2278831062,79270,2803451,49.94,6.6,-1.8,2.5,2.3,4.8,-4.1
TATAMOTORS,EQ,18-Dec-17,405.1,399,409.9,389.3,406.5,405.8,404.05,5356208,2164199485,56161,1137524,21.24,4.8,15.8,10.9,9.7,20.6,6.1
TATAMOTORS,EQ,19-Dec-17,405.8,407.35,421.7,407.35,420.55,420.1,415.14,9686883,4021422112,118625,4580757,47.29,15.9,-1.55,14.35,0,14.35,-1.55
TATAMOTORS,EQ,20-Dec-17,420.1,421.95,427.75,419.25,422.65,422.6,424.43,11191127,4749799735,143094,4301929,38.44,7.65,0.85,5.8,2.7,8.5,-1.85
TATAMOTORS,EQ,21-Dec-17,422.6,424,426.05,419.55,420.85,420.8,422.01,4885225,2061605756,54454,2175459,44.53,3.45,3.05,2.05,4.45,6.5,-1.4
TATAMOTORS,EQ,22-Dec-17,420.8,422.05,426.4,420.9,421.4,422,423.68,5345261,2264692733,62188,2171778,40.63,5.6,-0.1,4.35,1.15,5.5,-1.25
TATAMOTORS,EQ,26-Dec-17,422,422,425.15,421.15,423,424.2,423.33,3700655,1566613536,43634,1892499,51.14,3.15,0.85,3.15,0.85,4,0
TATAMOTORS,EQ,27-Dec-17,424.2,423.5,428.45,420.3,421.1,422.45,425.01,3673355,1561203790,42770,1300007,35.39,4.25,3.9,4.95,3.2,8.15,0.7
TATAMOTORS,EQ,28-Dec-17,422.45,423.5,423.7,416,417.5,418.6,419.81,5018893,2106980564,37930,2852689,56.84,1.25,6.45,0.2,7.5,7.7,-1.05
TATAMOTORS,EQ,29-Dec-17,418.6,418,433.45,417.15,431.2,431.85,427.34,8640908,3692596132,83507,3078517,35.63,14.85,1.45,15.45,0.85,16.3,0.6
TATAMOTORS,EQ,1-Jan-18,431.85,430.95,436.4,422.25,424.5,424.45,430.49,6807536,2930582408,58464,2227737,32.72,4.55,9.6,5.45,8.7,14.15,0.9
TATAMOTORS,EQ,2-Jan-18,424.45,428.85,440.85,422,438.2,439.3,433.41,15331261,6644793062,139880,5488117,35.8,16.4,2.45,12,6.85,18.85,-4.4
TATAMOTORS,EQ,3-Jan-18,439.3,440.4,441.4,431.95,433.45,433.9,435.06,9794953,4261434557,89076,4383694,44.75,2.1,7.35,1,8.45,9.45,-1.1
TATAMOTORS,EQ,4-Jan-18,433.9,430,433.3,425.75,430,429.95,429.56,8395377,3606286651,79502,2826424,33.67,-0.6,8.15,3.3,4.25,7.55,3.9
TATAMOTORS,EQ,5-Jan-18,429.95,431.25,436.35,429.8,430.35,431.6,432.92,7021611,3039780583,69031,2962590,42.19,6.4,0.15,5.1,1.45,6.55,-1.3
TATAMOTORS,EQ,8-Jan-18,431.6,432,436.2,431.65,432.75,433.55,433.92,4635214,2011329512,52542,1979731,42.71,4.6,-0.05,4.2,0.35,4.55,-0.4
TATAMOTORS,EQ,9-Jan-18,433.55,434.25,443.5,433,435.5,437.55,438.96,12629045,5543644040,145372,6215533,49.22,9.95,0.55,9.25,1.25,10.5,-0.7
TATAMOTORS,EQ,10-Jan-18,437.55,438,439.3,431.3,432.6,433.3,434.76,4702579,2044492977,44185,1924980,40.93,1.75,6.25,1.3,6.7,8,-0.45
TATAMOTORS,EQ,11-Jan-18,433.3,433.5,437.6,432.9,434,434.75,435.64,4565005,1988689448,54034,2311492,50.64,4.3,0.4,4.1,0.6,4.7,-0.2
TATAMOTORS,EQ,12-Jan-18,434.75,437,441.45,432.1,436,437.1,437.06,7408870,3238108898,77270,3053578,41.22,6.7,2.65,4.45,4.9,9.35,-2.25
TATAMOTORS,EQ,15-Jan-18,437.1,438.05,440.05,431.05,432.25,432.35,435.46,4042775,1760480296,49934,1747725,43.23,2.95,6.05,2,7,9,-0.95
TATAMOTORS,EQ,16-Jan-18,432.35,433,435.2,419.5,421.9,421.9,424.97,5623745,2389913459,62106,2072307,36.85,2.85,12.85,2.2,13.5,15.7,-0.65
TATAMOTORS,EQ,17-Jan-18,421.9,422.05,424.5,410.1,423.2,422.95,417.36,10204447,4258963217,97965,4495323,44.05,2.6,11.8,2.45,11.95,14.4,-0.15
TATAMOTORS,EQ,18-Jan-18,422.95,424,428.3,414.45,418,418.95,421.97,9579830,4042359200,82077,3885418,40.56,5.35,8.5,4.3,9.55,13.85,-1.05
TATAMOTORS,EQ,19-Jan-18,418.95,415.2,421.95,415.05,418.2,418.05,417.77,3894062,1626829817,45961,1402160,36.01,3,3.9,6.75,0.15,6.9,3.75
TATAMOTORS,EQ,22-Jan-18,418.05,419.05,424.4,418.45,422.2,421.9,421.87,4643782,1959053962,62493,1944733,41.88,6.35,-0.4,5.35,0.6,5.95,-1
TATAMOTORS,EQ,23-Jan-18,421.9,422.8,422.8,414.75,417.5,418,418.29,6185011,2587139199,89579,3182279,51.45,0.9,7.15,0,8.05,8.05,-0.9
TATAMOTORS,EQ,24-Jan-18,418,416,416.25,402.65,403.95,403.6,407.63,10789570,4398130026,141190,6398551,59.3,-1.75,15.35,0.25,13.35,13.6,2
TATAMOTORS,EQ,25-Jan-18,403.6,403.45,407.65,398,399.9,400.3,401.91,16312167,6556027396,110636,11429199,70.07,4.05,5.6,4.2,5.45,9.65,0.15
TATAMOTORS,EQ,29-Jan-18,400.3,402.5,405.9,398.1,398.9,399.25,402.45,5789602,2330020245,70351,2481113,42.85,5.6,2.2,3.4,4.4,7.8,-2.2
TATAMOTORS,EQ,30-Jan-18,399.25,400,402.3,395,395.7,395.85,398.6,6963005,2775480641,88413,3844240,55.21,3.05,4.25,2.3,5,7.3,-0.75
TATAMOTORS,EQ,31-Jan-18,395.85,395.5,400.95,395.25,400,399.5,398.56,5111454,2037227074,65628,2505162,49.01,5.1,0.6,5.45,0.25,5.7,0.35
TATAMOTORS,EQ,1-Feb-18,399.5,399.9,403.8,390.55,393.3,393.65,398.23,7259426,2890906969,72213,2538607,34.97,4.3,8.95,3.9,9.35,13.25,-0.4
TATAMOTORS,EQ,2-Feb-18,393.65,392,397.4,381.3,382.85,383.75,388.53,10070356,3912636188,112517,4282884,42.53,3.75,12.35,5.4,10.7,16.1,1.65
TATAMOTORS,EQ,5-Feb-18,383.75,381,398,380,398,395.8,392.17,9876017,3873063195,118669,2891984,29.28,14.25,3.75,17,1,18,2.75
TATAMOTORS,EQ,6-Feb-18,395.8,363,379.85,356.5,375.25,375.45,371.36,25294860,9393402167,253993,10564358,41.76,-15.95,39.3,16.85,6.5,23.35,32.8
TATAMOTORS,EQ,7-Feb-18,375.45,380.4,385.4,375.2,378,377.8,380.7,12706795,4837513603,124643,5067508,39.88,9.95,0.25,5,5.2,10.2,-4.95
TATAMOTORS,EQ,8-Feb-18,377.8,379.9,380,372.2,376.2,374.85,375.93,12452396,4681288947,127386,7060135,56.7,2.2,5.6,0.1,7.7,7.8,-2.1
TATAMOTORS,EQ,9-Feb-18,374.85,369.9,373.2,368,369.1,368.75,370.1,8816777,3263053462,141909,4734354,53.7,-1.65,6.85,3.3,1.9,5.2,4.95
TATAMOTORS,EQ,12-Feb-18,368.75,373.4,376.2,370.2,371,371.8,372.75,6002369,2237411372,63325,1959830,32.65,7.45,-1.45,2.8,3.2,6,-4.65
TATAMOTORS,EQ,14-Feb-18,371.8,372.9,382.3,370.6,375.8,376.85,376.19,9623436,3620203222,118765,3806194,39.55,10.5,1.2,9.4,2.3,11.7,-1.1
TATAMOTORS,EQ,15-Feb-18,376.85,379.8,382.2,373.1,375.9,375.8,379.06,10225880,3876188479,90362,4999054,48.89,5.35,3.75,2.4,6.7,9.1,-2.95
TATAMOTORS,EQ,16-Feb-18,375.8,378,379.4,367.6,370.5,370.75,372.75,8545282,3185239737,73419,4512223,52.8,3.6,8.2,1.4,10.4,11.8,-2.2
TATAMOTORS,EQ,19-Feb-18,370.75,373.7,374.7,362.8,370.5,368.75,368.36,5658765,2084466061,57354,1964521,34.72,3.95,7.95,1,10.9,11.9,-2.95
TATAMOTORS,EQ,20-Feb-18,368.75,370.35,370.9,366.5,369.2,369.3,368.87,3972114,1465194017,56127,1357431,34.17,2.15,2.25,0.55,3.85,4.4,-1.6
TATAMOTORS,EQ,21-Feb-18,369.3,372.5,372.5,362.85,364.05,364.45,365.24,8640166,3155737968,101084,5341386,61.82,3.2,6.45,0,9.65,9.65,-3.2
TATAMOTORS,EQ,22-Feb-18,364.45,363,363,357.5,358.65,358.5,359.42,10870704,3907171384,77743,6233447,57.34,-1.45,6.95,0,5.5,5.5,1.45
TATAMOTORS,EQ,23-Feb-18,358.5,360.1,364.6,358.75,360.35,360.2,361.51,6751064,2440580127,64044,3237322,47.95,6.1,-0.25,4.5,1.35,5.85,-1.6
TATAMOTORS,EQ,26-Feb-18,360.2,362,373.5,362,372.8,372.05,370.38,10576794,3917479403,106827,3366435,31.83,13.3,-1.8,11.5,0,11.5,-1.8
TATAMOTORS,EQ,27-Feb-18,372.05,375,376.6,370.35,373.3,372.55,372.91,6156672,2295873628,63985,1825878,29.66,4.55,1.7,1.6,4.65,6.25,-2.95
TATAMOTORS,EQ,28-Feb-18,372.55,370,373.65,367.15,369.85,369.9,370.48,8009429,2967333393,88145,4072064,50.84,1.1,5.4,3.65,2.85,6.5,2.55
TATAMOTORS,EQ,1-Mar-18,369.9,369.75,376.3,369.05,370.1,370.75,373.1,6991806,2608660988,78996,2154226,30.81,6.4,0.85,6.55,0.7,7.25,0.15
TATAMOTORS,EQ,5-Mar-18,370.75,368.75,368.75,350.1,351.95,352.05,356.11,14665325,5222483012,128205,7110523,48.49,-2,20.65,0,18.65,18.65,2
TATAMOTORS,EQ,6-Mar-18,352.05,355.15,357.95,345,346.2,346.5,352.13,8876632,3125771666,127268,3313850,37.33,5.9,7.05,2.8,10.15,12.95,-3.1
TATAMOTORS,EQ,7-Mar-18,346.5,345,355.3,343.25,348.05,347.8,349.95,15599393,5458998930,131424,5624176,36.05,8.8,3.25,10.3,1.75,12.05,1.5
TATAMOTORS,EQ,8-Mar-18,347.8,350.8,351.9,341.05,345.05,345.15,344.99,7674221,2647560295,92335,3345507,43.59,4.1,6.75,1.1,9.75,10.85,-3
TATAMOTORS,EQ,9-Mar-18,345.15,345.55,348.7,340.15,342,341.5,344.31,5519224,1900303318,79391,1879528,34.05,3.55,5,3.15,5.4,8.55,-0.4
TATAMOTORS,EQ,12-Mar-18,341.5,345,353.8,340.35,353.15,352.6,347.02,8238960,2859052951,86481,3158689,38.34,12.3,1.15,8.8,4.65,13.45,-3.5
TATAMOTORS,EQ,13-Mar-18,352.6,352.6,356.45,350,353.8,353.15,353.74,6184241,2187600761,79499,2575948,41.65,3.85,2.6,3.85,2.6,6.45,0
TATAMOTORS,EQ,14-Mar-18,353.15,351,354.9,349.6,354.85,354.05,352.08,3820313,1345056807,43291,1338218,35.03,1.75,3.55,3.9,1.4,5.3,2.15
TATAMOTORS,EQ,15-Mar-18,354.05,354.05,358.4,351.1,353.5,353.1,354.11,4331145,1533692130,57848,1241310,28.66,4.35,2.95,4.35,2.95,7.3,0
TATAMOTORS,EQ,16-Mar-18,353.1,352.05,352.6,338.4,339.5,339.75,342.61,14205582,4866987581,120580,8937736,62.92,-0.5,14.7,0.55,13.65,14.2,1.05
TATAMOTORS,EQ,19-Mar-18,339.75,341.2,342.1,332.55,336,335.7,336.72,9391347,3162255453,119660,4186979,44.58,2.35,7.2,0.9,8.65,9.55,-1.45
TATAMOTORS,EQ,20-Mar-18,335.7,335.5,340.4,333.55,339.9,338.8,338.06,5080453,1717516589,73027,1767360,34.79,4.7,2.15,4.9,1.95,6.85,0.2
TATAMOTORS,EQ,21-Mar-18,338.8,339.9,342.25,332.25,334.8,333.85,336.63,6812442,2293260147,67296,2526817,37.09,3.45,6.55,2.35,7.65,10,-1.1
TATAMOTORS,EQ,22-Mar-18,333.85,338.5,340.25,334.8,338.1,338.2,338,9255091,3128260792,60124,3217194,34.76,6.4,-0.95,1.75,3.7,5.45,-4.65
TATAMOTORS,EQ,23-Mar-18,338.2,330,334.8,329.6,330.4,330.85,331.82,8578297,2846411466,80119,4190648,48.85,-3.4,8.6,4.8,0.4,5.2,8.2
TATAMOTORS,EQ,26-Mar-18,330.85,328.8,333.9,324.3,332.35,332.35,328.75,8907023,2928190067,107091,3727611,41.85,3.05,6.55,5.1,4.5,9.6,2.05
TATAMOTORS,EQ,27-Mar-18,332.35,333.95,335.8,330.1,330.8,331.15,332.81,6822448,2270576640,91016,3653060,53.54,3.45,2.25,1.85,3.85,5.7,-1.6
TATAMOTORS,EQ,28-Mar-18,331.15,331.5,333.65,325.2,327.3,326.85,329.45,10975624,3615965434,91171,6592744,60.07,2.5,5.95,2.15,6.3,8.45,-0.35
TATAMOTORS,EQ,2-Apr-18,326.85,335,340.8,332.7,340.4,339.15,336.42,9874486,3321929388,87501,3755688,38.03,13.95,-5.85,5.8,2.3,8.1,-8.15
TATAMOTORS,EQ,3-Apr-18,339.15,338.4,344.5,337.15,342.45,343.1,342.11,6989584,2391198986,81593,2321216,33.21,5.35,2,6.1,1.25,7.35,0.75
TATAMOTORS,EQ,4-Apr-18,343.1,346.8,363.7,346.25,354.8,355.6,358.29,27157199,9730031286,243264,5910308,21.76,20.6,-3.15,16.9,0.55,17.45,-3.7
TATAMOTORS,EQ,5-Apr-18,355.6,362.6,372.35,359.8,362,362.2,366.9,28886070,10598314945,169067,9601766,33.24,16.75,-4.2,9.75,2.8,12.55,-7
TATAMOTORS,EQ,6-Apr-18,362.2,362,368.35,356.45,363.4,364.1,363.14,13297051,4828723402,109844,3134935,23.58,6.15,5.75,6.35,5.55,11.9,0.2
TATAMOTORS,EQ,9-Apr-18,364.1,361.9,368.6,357,358.25,358.3,361.3,9555113,3452254847,87454,3399496,35.58,4.5,7.1,6.7,4.9,11.6,2.2
TATAMOTORS,EQ,10-Apr-18,358.3,360.5,362.35,351.5,353.45,353.25,355.17,8201215,2912843630,85954,3281980,40.02,4.05,6.8,1.85,9,10.85,-2.2
TATAMOTORS,EQ,11-Apr-18,353.25,355,357.15,350.5,355.3,355.8,354.01,5622957,1990601953,53355,1415001,25.16,3.9,2.75,2.15,4.5,6.65,-1.75
TATAMOTORS,EQ,12-Apr-18,355.8,358,364.4,357,358.55,358.4,360.01,13145938,4732716743,89462,4498065,34.22,8.6,-1.2,6.4,1,7.4,-2.2
TATAMOTORS,EQ,13-Apr-18,358.4,357.9,361,354.4,356.1,357.05,357.29,5935628,2120770159,61727,1500369,25.28,2.6,4,3.1,3.5,6.6,0.5
TATAMOTORS,EQ,16-Apr-18,357.05,350.8,352.8,337.55,340,339.15,342.36,19157051,6558671675,213724,7977435,41.64,-4.25,19.5,2,13.25,15.25,6.25
TATAMOTORS,EQ,17-Apr-18,339.15,342.3,344.2,332.6,336.7,336.45,337.47,14241074,4805990322,149758,6135055,43.08,,,,,11.6,-3.15
TATAMOTORS,EQ,18-Apr-18,336.45,338.2,339.75,333.4,335.3,334.8,336.81,6699271,2256371368,64651,-,-,,,,,6.35,-1.75
TATAMOTORS,EQ,19-Apr-18,334.8,336.5,337,332.5,335,334.25,334.57,7087115,2371129886,78546,3736727,52.73,,,,,,
TATAMOTORS,EQ,20-Apr-18,334.25,335.95,343.25,334.6,336.1,336,338.84,11908652,4035086525,110315,3658054,30.72,,,,,,
TATAMOTORS,EQ,23-Apr-18,336,335.95,339.5,333,333.65,334.05,336,8056732,2707028957,83673,2967078,36.83,,,,,,
TATAMOTORS,EQ,24-Apr-18,334.05,334.8,335,330.6,331.85,331.55,332.74,9210931,3064855395,103937,5531057,60.05,,,,,,
TATAMOTORS,EQ,25-Apr-18,331.55,330.8,334,327.75,328.45,328.6,330.35,6306039,2083229494,71066,2927109,46.42,,,,,,
TATAMOTORS,EQ,26-Apr-18,328.6,329.9,335.95,326,331.3,330.25,331.15,16647689,5512814536,131634,9301179,55.87,,,,,,
TATAMOTORS,EQ,27-Apr-18,330.25,333,337.65,331.05,336.65,336.9,334.51,8804236,2945138109,105006,4274508,48.55,,,,,,
TATAMOTORS,EQ,30-Apr-18,336.9,338.5,342.75,337.25,340.75,340.4,340.3,5937740,2020599582,64783,2222431,37.43,,,,,,
TATAMOTORS,EQ,2-May-18,340.4,349.2,351.65,335,335.75,336.05,342.87,16022148,5493449826,143225,6041470,37.71,,,,,,
TATAMOTORS,EQ,3-May-18,336.05,335.5,335.9,329.15,333.25,333.5,332,6870513,2280991176,105823,2208645,32.15,,,,,,
TATAMOTORS,EQ,4-May-18,333.5,333.75,337.3,329.5,334.5,334.4,333.16,6660062,2218898653,77016,2041499,30.65,,,,,,
TATAMOTORS,EQ,7-May-18,334.4,337.85,337.85,333.7,335.3,335.15,335.37,3888627,1304136922,92157,1536636,39.52,,,,,,
TATAMOTORS,EQ,8-May-18,335.15,336.3,336.6,330.25,331.25,332.15,332.16,8114997,2695475429,156582,5241748,64.59,,,,,,
TATAMOTORS,EQ,9-May-18,332.15,331,347.25,331,341.45,341.95,341.7,19019847,6499118350,164649,6231387,32.76,,,,,,
TATAMOTORS,EQ,10-May-18,341.95,343.75,343.75,332.75,333.5,333.6,336.7,11158000,3756879889,124964,3865161,34.64,,,,,,
TATAMOTORS,EQ,11-May-18,333.6,334,334,330,330.7,330.8,331.68,7365579,2443008110,75917,3169692,43.03,,,,,,
TATAMOTORS,EQ,14-May-18,330.8,333,333,323,323.5,323.6,325.7,8312976,2707509904,98756,3582715,43.1,,,,,,
TATAMOTORS,EQ,15-May-18,323.6,324,324.05,305.7,310.7,310.1,314.99,15323964,4826923268,203938,7114004,46.42,,,,,,
TATAMOTORS,EQ,16-May-18,310.1,309.95,315.75,306.7,309.8,310.25,311.2,12051269,3750397571,123384,4678253,38.82,,,,,,
TATAMOTORS,EQ,17-May-18,310.25,313.1,319.5,309.3,314.55,314.9,315.25,10214660,3220138720,97633,3921615,38.39,,,,,,
TATAMOTORS,EQ,18-May-18,314.9,314.75,315,303.5,304.8,304.6,307.11,11688577,3589633648,155665,6069750,51.93,,,,,,
TATAMOTORS,EQ,21-May-18,304.6,304.75,307.2,294.7,296.4,295.9,299.21,11549490,3455695179,139373,5032975,43.58,,,,,,
TATAMOTORS,EQ,22-May-18,295.9,296.55,312.5,296.55,308,307.7,304.99,17199292,5245649679,167034,4752764,27.63,,,,,,
TATAMOTORS,EQ,23-May-18,307.7,311.1,317.25,305.4,309.4,309.45,312.24,17698475,5526128618,150970,5755114,32.52,,,,,,
TATAMOTORS,EQ,24-May-18,309.45,300,307.65,284.1,289.85,288.65,291.35,46104103,13432474748,415816,13281607,28.81,,,,,,
TATAMOTORS,EQ,25-May-18,288.65,290.4,297.45,286.25,293.95,294.15,293.25,19240172,5642088163,184209,5522184,28.7,,,,,,
TATAMOTORS,EQ,28-May-18,294.15,293.75,299.9,290.3,295.95,296.3,296.61,8516862,2526172398,90018,2297863,26.98,,,,,,
TATAMOTORS,EQ,29-May-18,296.3,296.8,300,293,293.2,294.65,297.75,9816561,2922852439,115806,3791308,38.62,,,,,,
TATAMOTORS,EQ,30-May-18,294.65,289.95,292.25,286.15,288.95,288.9,289.91,11649429,3377302350,122918,4440710,38.12,,,,,,
TATAMOTORS,EQ,31-May-18,288.9,289.95,290.85,281.6,283.15,282.5,284.1,28771987,8174041459,177873,18914542,65.74,,,,,,
TATAMOTORS,EQ,1-Jun-18,282.5,284.5,290.35,283.05,287.5,287.2,287.77,15840810,4558479297,129864,5005887,31.6,,,,,,
TATAMOTORS,EQ,4-Jun-18,287.2,292.5,293.85,286,287.15,286.65,289.54,10835487,3137265392,136883,3238590,29.89,,,,,,
TATAMOTORS,EQ,5-Jun-18,286.65,286.65,288.25,283.6,285.5,284.95,285.35,7456195,2127605687,89481,2821497,37.84,,,,,,
TATAMOTORS,EQ,6-Jun-18,284.95,286.85,296.9,285.25,295.45,295.65,292.06,19754001,5769325692,155901,7641221,38.68,,,,,,
TATAMOTORS,EQ,7-Jun-18,295.65,296.3,306.9,295.25,304.75,305.4,301.28,22839023,6881007435,171241,8879362,38.88,,,,,,
TATAMOTORS,EQ,8-Jun-18,305.4,305.7,315.55,302.4,308.95,309.95,311.33,27249374,8483616458,195602,9210968,33.8,,,,,,
TATAMOTORS,EQ,11-Jun-18,309.95,310.9,313.9,306.65,309.35,309.75,310.9,14650133,4554737622,151835,5284345,36.07,,,,,,
TATAMOTORS,EQ,12-Jun-18,309.75,310.95,313.65,307.2,308.25,307.8,310.51,7932388,2463106957,74689,2555561,32.22,,,,,,
TATAMOTORS,EQ,13-Jun-18,307.8,309.2,311.25,307,308.85,308.4,309.31,7280886,2252073345,78861,2303038,31.63,,,,,,
TATAMOTORS,EQ,14-Jun-18,308.4,308.5,309.6,303.8,306.3,305.9,305.76,6532693,1997417558,80887,1952271,29.88,,,,,,
